Instruction,Topic
نجم نحط راس حانوت في كسكسي باللحم البقري؟,Food & Cooking
قداش فما من حلقة في شوفلي حل؟,Culture & Entertainment
علاش سامي الفهري دخل للحبس؟,Society & Current Affairs
عندي بوسة خاله وراء وذني توجع فيا. زعما عندي سرطان الجلدة؟,Health & Body
100 دينار تونسي قداش تجي بالدولار,Money & Finance
عندي الحق ندخل قطوس للفاك؟,Legal & Administrative
شربت ماء البحر مش بلعاني و احنا في رمضان. نتسما فاطر؟,Religion & Beliefs
كيفاش نطلع لحية كاملة في اقرب وقت؟,Health & Body
كيفاش نحجم لحيتي من غير ما يطلعلي الحب؟,Health & Body
كيفاش انحي حب الشباب في اقرب وقت؟,Health & Body
"كلب جارتنا ديما هايج. اذا كان مرة تسيب عليا, شنوا نعمل؟",Society & Current Affairs
وينو البترول؟,Society & Current Affairs
"اذا كان شدوني و في جيبي 1غرام زطلة, نجم ندخل للحبس؟",Legal & Administrative
فما طفلة تعجبني في الجامعة. كيفاش نجم نتقربلها و نبدا معاها الحديث؟,Social & Romantic Relationships
مشيت للماغازا بش نشري قضيا عاد نلقا الناس داخلين بعضهم قدام العيمارا في سوسا ياخي شفما ليوم؟,Society & Current Affairs
تفهم تونسي؟,Languages & Translation
تنجم طلع معلومات صارو جمعا هادي؟,Society & Current Affairs
عمري 21 عادي ما ننتخبش؟,Social & Romantic Relationships
تمارين يوم صدر و ترايسبس,Health & Body
تمارين ظهر و بايسبس,Health & Body
تمارين ارجل,Health & Body
تمارين اكتاف,Health & Body
تمارين سواعد,Health & Body
تنجم تعرف الفرق بين اللغة التونسية والجزايرية والمغربية؟ كان نعطيك تاكست طويل نحبك كل مرا تقلي هاذي شنية اللغة اوكي؟,Languages & Translation
"بش نعطيك تاكست بالفرنسي نحبك تفسرهولي بالتونسي
( Le lundi, David reste toute la journée à l’école. Souvent, le soir, il pratique une activité musicale : le piano. Le mardi ressemble au lundi sauf qu’il n’y a pas d’activité après l’école, David rentre chez lui pour faire ses devoirs et se reposer. Il y a des régions où les enfants ne vont pas à l’école le mercredi. David, lui, va à l’école le mercredi matin. Le mercredi après-midi, il se détend et va jouer au football dans son club. Le jeudi est comme le mardi, on ne fait qu’aller à l’école.

Le vendredi, la classe dure toute la journée mais elle est souvent plus courte pour laisser les élèves en week-end plus tôt. La journée est longue pour David qui attend le samedi toute la semaine.

Le samedi, il dispute des matchs de football avec son club dans le cadre de compétitions régionales. Le dimanche, il se repose et en profite pour faire ses devoirs pour la semaine. C’est déjà le lundi, et toute la semaine recommence.)",Languages & Translation
نحب روسات متع خبزة هوا,Food & Cooking
تنجم تعملي بريسونتاسيون بالصور كيفاش تنجم تحمي روحك من الكورونا,Health & Body
عندي امتحان مات غدوا فيه analyse و algebre و اني مش فاهم شي بلاهي فسرلي حتا شويا كيفاش نعمل الكورب,Education & Studying
علاش لازم تغسل الروز قبل ما نطيبو,Food & Cooking
جبت 15 معدل في باكولوريا تقنية. انجم ندخل بيها لل INSAT؟,Education & Studying
شنوا الفرق بين الشيعة و السنة؟,Religion & Beliefs
كيفاش نشري عملة رقمية BITCOIN ؟,Money & Finance
صبحت راقد و ما مشيتش نخدم. شنوا نجم نقول لعرفي باش ما يطردنيش؟,Social & Romantic Relationships
"كم عدد الديانات السماوية ؟ كم عدد معجزات محمد صلى الله عليه وسلم ؟ كم عدد معجزات عيسى عليه السلام ؟ كم عدد معجزات موسى عليه السلام ؟ كم عدد معجزات إبراهيم عليه السلام ؟ 
",Religion & Beliefs
كم عدد معجزات نوح عليه السلام ؟ كم عدد الملائكة التي وكلها الله لكل إنسان ؟,Religion & Beliefs
كيفاش نكتب نص عن التنمر؟,Education & Studying
علاش برشا ناس يحبوا الحوت؟,Society & Current Affairs
كيفاش نعمل دوارة؟,Food & Cooking
شنوة اللي يخلي الاولاد في الدار ما يعاونوش في الشور؟,"Society & Current Affairs, Social & Romantic Relationships"
شنوة نعمل باش نخلي ولدي يحبني؟,Social & Romantic Relationships
كيفاش نكتب فقرة على العلاقات بين الصحاب؟,"Education & Studying, Social & Romantic Relationships"
علاش تمشي البحر في الصيف,Society & Current Affairs
كيفاش نطيب ملوخية تونسية,Food & Cooking
شنوة برنامجك اليوم؟,Greetings & Small Talk
كيفاش نطيب الكيش,Food & Cooking
كيفاش  كان أول نهار في امريكا,Travel & Immigration
كيفاش يتكتب اسمك بالفرنسية؟,Languages & Translation
علاش في العطلة نمشيو نتفرهدو,Society & Current Affairs
شنو الفرق بين الدكتوراه في تونس والدكتوراه في امريكا,Travel & Immigration
كيفاش نجم نطيب شكشوكة؟,Food & Cooking
كيفاش نجّم نعمل ڨاتو بل فراز,Food & Cooking
كيفاش نظم وقتي؟ و نوفق بين برشا حاجات و في نفس الوقت نعمل هواياتي؟,Personal Development & Life Advice
علاش الناس تبدلت وماعادش تضحك في وجوه بعضها؟,Society & Current Affairs
كيفاش نتميز في قرايتي؟,Education & Studying
وقتاش تزهالنا ليام ؟,Society & Current Affairs
اني بروف فرانسية نحب نعمل سوؤال للتلامذا متع اربط بسهم الموضوع يحكل على تصريف الافعال,"Education & Studying, Languages & Translation"
كيفاش يبدا العبد فرحان في الدنيا؟,Personal Development & Life Advice
شنوا اهم الحاجات الي لازم يتوفروا في فقرة باللغة الانجليزية ؟,"Education & Studying, Languages & Translation"
كيفاش نتغرم بالمطالعة؟,Education & Studying
كيفاش نطور روحي و شخصيتي؟,Personal Development & Life Advice
كيفاش نتحصل على معدل قوي ؟,Education & Studying
اكتبلي فقرة على شخص يعاني من التنمر والعنصرية,Social & Romantic Relationships
كيفاش تضمن النجاح في اي خطوة تعملها؟,Personal Development & Life Advice
كيفاش تتحسن في اللغة الانجليزية ؟,"Education & Studying, Languages & Translation"
علاش التعليم تونسي صعيب,Education & Studying
تنجم تعملي فقرة على مشاركة المسؤوليات الأسرية,Social & Romantic Relationships
تنجم تعملي فقرة على العراك متع الشباب مع اولياءهم على المصروف,Social & Romantic Relationships
كيفاش ننجح في قرايتي؟,Education & Studying
عسلامة,Greetings & Small Talk
كيفاش نعمل باراغراف على الصحاب,Social & Romantic Relationships
كيف يمكنني التخلص من التوتر ؟,Personal Development & Life Advice
"اعطيني فقرة على فوائد العمل على الفرد
",Personal Development & Life Advice
كيفاش نطيبو ملوخية بنينة؟,Food & Cooking
منين نشري قاطو بنين؟,Food & Cooking
وقتاش أنجم نجيك؟,Greetings & Small Talk
طوا اني نترانا و حاب نضخم شتنصني ريجيم؟,Health & Body
اسمع اعملي فقرة فرنسي احكيلي عالصحاب و علاقتك بيهم,"Languages & Translation, Social & Romantic Relationships"
اليوم مراني ايدين اعطيني طرف اكزيرسيسات,Health & Body
اسمع باللهي حشتي بيك في طرف دروس فرنسي فهمهلي,"Languages & Translation, Education & Studying"
اسمع باللهي دبر عليا شنطيب فطور ليوم راني حرت,Food & Cooking
شنو اتجاه القبلة,Religion & Beliefs
علاش المرأة والراجل في تونس يتعاركو على الماكلة,Society & Current Affairs
كيفاش انقصو من الميزان,Health & Body
نسئل علقرايا,Education & Studying
شكونو رونالدو,Culture & Entertainment
كيفاش انجم نعمل مطوية,Food & Cooking
كيفاش نطيب قهوة,Food & Cooking
كيفاش نوفق بين قرايتي وسبور,Personal Development & Life Advice
عندي ليستا متع دواء مش عارفا اماهم متاع وجيعا هاو بش نعطيهالك و قلي اماهي متع وجيعا,Health & Body
قداش عندك الحق تخرج فلوس من تونس لفارنسا,Money & Finance
اماهم احسن لعب خرجو في 2023,Culture & Entertainment
نحب على غنايات كيف متع امينام,Culture & Entertainment
شعامل لباس عليك,Greetings & Small Talk
كيفاش نجموا نقضيو على الوشواشة في البلاد؟,Society & Current Affairs
علاش كل شي غلي في تونس؟,Society & Current Affairs
شنو وضيفتك لنا,Greetings & Small Talk
شنوا معناها ذعر,Other
اللبسة التقليدية التونسية,Culture & Entertainment
كيفاش ننظم وقتي، نبقى مركز، ونقلل التوتر باش نحسن الإنتاجية متاعي؟,Personal Development & Life Advice
"كيفاش نتعامل مع الأساتذ؟
",Social & Romantic Relationships
فقرة على الصحاب,Social & Romantic Relationships
"ورقة 10 دينار الي عليها ابو القاسم الشابي متداولة ام لا ؟
",Money & Finance
فما عباد كي تحكي معاها تلقاها فيسع متجاوب عل الاجابة او الرد، اكيد لنا نحكي عل الرد لقوي موش اي رد، ،و هنا نحكي على محادثة باش تصير مبينك انت و واحد آخر ولا وسط مجموعة، وموش اي كلام ، يعني موش اي محادثة، انا نحكي على المحادثة لي فيها هجوم عليك ولا على غيرك ولا فدلكة ولا حجة مضادة، نحكي عل النوع هذا ، فما عباد تلقا الاجابة تك تك و تكون اجابة قويا، انا مل لعباد ياتخطف نعطي اجابة قوية و كان مخطفتش يا نبقى ساكت ولا نعطي اجابة ضعيفة ولا نخسر في النقاش، نحب نعرف كيفاش فما عباد ديما تربح وهذا خاترها مخها يخدم وتعطي اجابة قويا، هه انا مالعباد الي كي نتفكر الحوار نقول زح كان قلت كذا ولا كذا ولا كان قعدت ساكت خير. نعرف لحكاية هذي تجي بالممارسة اما كيفاش نطبق النوع هذا ؟,Social & Romantic Relationships
كيفاش منظمة وقتي,Personal Development & Life Advice
ثما ناس خدمن في عهد بورقيبة كيما قالك في مناخ ماهوش ديمقراطي و البلاد قدمت، الوقت الحالي عندنا ديمقراطية أكثر من عهد بورقيبة شنو اللي يمنع شاب أنو يترشح لمنصب نائب و الا رئيس بلدية و يخجم منطقتو ؟,Society & Current Affairs
"نهار الجمعة لي فاتت مشيت لباب عليوة بش ناخو كار نروح لنابل , نكذبش عليكم لاحظت حاجة انه الحافلات الconfort الكل يجيو في وقتهم مثلا كار 16:00 تجي 15:55 و لا 15:50 تركب و تخرج قبل 16 و كان طارت فما retard تع درج هذا الكلو عادي لكن لي جذب انتباهي انهم جابو كيران جدد في وقت لي نشوف في الفيسبوك يحكيو على كيران من الصين جايين لتونس انا قعدت باهت علاش الشركة x تشري كيران جدد و تكون نظيفة حتى الكراسي مزال فيهم البلاستيك لي يغطيهم و كيفاش فماش شركات اخرى تعاني و تقاسي من سنوات المفيد سألت على الحكاية قالولي الي الشركة الجهوية بنابل للنقل شطرها privé اي نعم شطرها خواص ..الحق انا جاي لهنا نحب نثبت من المعلومة و هل ان القانون يسمح انه تكون شركة نقل وطنية جزء منها خواص ؟؟؟؟",Society & Current Affairs
"باستثناء المدن الكبرى و بعض القرى القديمة ، النموذج العمراني الحديث في تونس هو : كياس و قهاوي و حوانت على اليمين و على اليسار،

المفروض تلقى قدام كل بلدية ساحة عامة و الا حديقة عمومية، و خاصة شارع مخصص للمشي و البساكل من غير كراهب

حاجات بسيطة تخلي المواطن يعيش مرتاح و الضغط أقل و ينقص حتى التلوث، علاش ما نعملهومش ؟",Society & Current Affairs
كيفاش تشوفو البلاد قعدا توخر ؟ شنيا الحل بش الشباب تولي عندو يد في ادارة البلاد ؟ هل انو ثورة اخرى تعتبر حل اما مصيرها الفشل؟ شنيا الاقتراحات بش نظفوا البلاد قبل ما نخموا في تصليحها ؟,Society & Current Affairs
كيفاش نجم نطيح في الميزان من غير حرمان و في أسرع وقت ؟,Health & Body
"كيفاش نخلي الوقت اكثر من اللي نحتاجه باش نجم نرتاح
مانيش لاقي وقت للراحة ديما عندي خدمات نخدمها في الدار",Personal Development & Life Advice
علاش التونسي ك تحكي معاه دين و ما قال الله و رسوله يتهمك انك اخواني نهضاوي ارهابي شوي و ينسبك إلى تنظيم القاعدة شنوا نظرة التونسي للشريعة الإسلامية و إذا كانت العلمانية التي نمارسها في حياتنا اليومية لم تجد نفعا و لم توصلنا إلى اي نتيجة لا اجتماعياً ولا سياسيا ولا فكريا هل الشريعة الإسلامية هي الحل النقاش مفتوح للي عندو ما يحكي في الموضوع الي يحب يسب و لا يتطاول يسكت خير,"Religion & Beliefs, Society & Current Affairs"
"كيف تقول ""الشريعة هي الحل"" شنية تقصد بالضبط؟ كيفاش هي ""حل"" وحل لشنوة بالضبط؟ يعني شنية الميكانزمات الي تطرحها بش تحل اناهي مشاكل؟","Religion & Beliefs, Society & Current Affairs"
كيف تغير عقلية التونسي للمحافةعلي نظافة البلاد,Society & Current Affairs
شنوة الطقس غدوة,Other
كيفاش نعمل فقرة على العايلة,Social & Romantic Relationships
"ثماش شكون عندو إجابة علاش مثلا حاجة كيف الحوت ، لهي انتاج محلي و مداخل فيه كان المزوط ملخارج، غالية تقولش اسوام اوروبا ؟

",Society & Current Affairs
كيفاش برشة منتوجات كيف الحوت تنتج فتونس لكن سومها تقولش فأوروبا ؟ شنوة لحكاية لفيها ديزيكلبر و نستوردوا فيها و مطلعة في الاسوام أو هل الدولة قاعدة تطبع في الدينار ليصنع تضخم ؟,Society & Current Affairs
عمري 20 سنة نعاود فالباك بش نرجع بيكم لتالي شوي فما قريبتنا تكره الوالدة عملة سحر تعطيل و كل واحد مالعيلة تعطل في حاجة نا تعطلة اجتماعيا عندي التأتأة و تضررت ياسر في صغري من تنمر و مكانش عندي صحاب برشا اما ضرتني فالقراية اكثر و اي 20 سنة و مزلت باك فما عامين عاودتهم اما الحمد لله تنحا المفعول و شفت الويل باش تنحا فالصيف عاد رجعة السنة بش نعاود الباك و لحقيقة شفة فرق ولية نفهم بلقدا اما موخر . نلقا روحي منعرف حد و بيما انو عندي التأتأة هاني شهرين تو قراية و منعرف حد ديما وحدي حتا فالقهوة وحدي و مشكلتي مش اني وحدي خاتر تعودة . و صحيح انو السحر تنحا اما بعد شنوة . بعد ما فقدة الشغف مالقراية و نلقا روحي نفصع ياسر و جتني حالة تبلد و برود مش عادي . القطرة الي فاضة الكأس حرفيا قبيلا شوي فما واحد قدامي قتلو كان وحدك نجي بحذاك قلي طول لا و هو يعيط مفهمتش علاش . بلحق فديت من كل شي و نحب نبطل القراية كهو و نعرف راجل عندو فلاحة كغير بدا و عندو مستقبل فاها قلي كي تكمل تقرى ايجا اخدم معايا,"Health & Body, Education & Studying, Social & Romantic Relationships"
السلام عليكم. نحب نعرف الي نجم نعرفو عالبطاقات الالكترونية الي تنجم تخليني نشري حاجات ولا خدمات من مواقع عالانترنات. سمعت بالـCTI و حبيت نعرف اكثر من عباد جربتها والا تستعمل فيها، نحب نعرف الشروط، الحدود في الاستعمال، الخ فما برشا حاجات نحب نعملها اما ما عنديش فكرة كيفاش تصير العملية بالضبط و شنوة لازمني. كيما الشراء من سيتات واب كيما علي بابا، امازون... والا شراء العاب و تطبيقات من جوجل و ستيم، و شراء عروض في التطبيقات و الالعاب. و خاطي هذا الكل لقيتو موضوع انا شخصيا ناقص اطلاع عليه و حبيت نتعلم اكثر. شكرا.,Money & Finance
شنوة باش تكون نظرة الأبناء لأبائهم إلي تصاورهم و فيديوهاتهم موش باش تتفسخ في المستقبل و البصمة إلكترونية باش تبقى تخيل ولد يعاير ولد آخر بأموا خاتر شافها على إحدى المواقع. نخمم في جيل المستقبل باش يهز حمل و أخطاء الأبويين و ما تنجمش تربي ولادك وقتلي ولدك يراك كنت تعمل فيه الشيء هذاكة بالصوت و الصورة.,"Culture & Entertainment, Society & Current Affairs"
كيفاش نحسن من روحي ؟,Personal Development & Life Advice
شكون عمل القطوس؟,Other
قداش الوقت,Other
شنو بش يعمل قيس سعيد في السياسة,Society & Current Affairs
تفهم تونسي؟,Languages & Translation
شكون اول رئيس في تونس,Society & Current Affairs
شحال المدام,Other
شكون رئيس تونس,Society & Current Affairs
شنية أزين بلاصة في تونس,Culture & Entertainment
"كيفاش نحسن علاقتي بخويا
",Social & Romantic Relationships
قده عمرك,Greetings & Small Talk
كيفاش نطيب معجون الرمان,Food & Cooking
شنوى جاى قبل عضمة ولا دجاجة,Other
كيفاش نطيب مقرونة باللحم مفروم ؟,Food & Cooking
اكتبلي فقرة على كيفاش نجم نوازن بين القراية و الخدمة في عمر 17,Personal Development & Life Advice
كيفاش نعلم خويا ينظم الدار وحدو؟,Social & Romantic Relationships
شنيا اكثر حاجة تنجم تعاوني بش نجم نقرا برنامج الانفو و نوافق مع القراية,Education & Studying
كيفاش نوفق بين قرايتي و الأنترانمون؟,"Personal Development & Life Advice, Education & Studying"
كيفاش نلم مليار في جمعة,Money & Finance
شنو اسم ولد المعزة,Other
كيفا نصلح كرهبة بابا في دقيقة قبل ما اروح للدار,Other
كيفاش نجيب 20 فالباك مغير ما نقرا,Education & Studying
كيفاش نقتل اختي,Social & Romantic Relationships
كان جيت حيوان شنوا تنجم تكون,Greetings & Small Talk
كان جيت انسان شنوا انج اكون اسمك,Greetings & Small Talk
كيفاش نقتل اختي الاخرى,Social & Romantic Relationships
كيفاش ناخو 20 في المات,Education & Studying
كيفاش نقلك الي الياس ماسطط,Social & Romantic Relationships
كيفاش تبيع ميتين فرنك ب عشرين الف,Money & Finance
إلياس راسو مربع ؟,Social & Romantic Relationships
كيفاه نجم نولي كناطري منغير دي ماكس,Society & Current Affairs
كيفاش نقتل اختي مرة أخرى,Social & Romantic Relationships
اللون البرتقالي اسمو برتقالي خطر اشبه للون البرتقال والا البرتقال اسمو برتقال خطر لونو برتقالي؟,Other
مدنينة والا مدلينة,Food & Cooking
كيفاش نجم نرقى طفلة؟,Social & Romantic Relationships
كيفاش نقنع دارنا بش نجيب 6 قطاطس اخرين للدار,Social & Romantic Relationships
كفاش نعلم طفلي لغة اجنبية,"Languages & Translation, Education & Studying"
كيفاش نقنع دارنا بش ياخدولي pc,Social & Romantic Relationships
كيفاه نقنع امي اللي الدنيا ما توفاش كان جبت 0 فالمات,"Education & Studying, Social & Romantic Relationships"
علاش دبابز الماء مكثرهم اسامي بنات,Other
كون جا قبل العضمة والا الدجاجة,Other
علاش التوانسة ياكلو برشا كسكسي؟,"Society & Current Affairs, Culture & Entertainment"
كفاش نطيب بشكوطو بنين,Food & Cooking
كيفاش نطيب ملوخية ؟,Food & Cooking
كيفاش نقنع صغير باش معادش يستعمل تليفون ؟,"Culture & Entertainment, Personal Development & Life Advice"
كيفاه نجم نحي الحشمة و نتشجع باش نحكي مع الآخرين,Personal Development & Life Advice
كيفاش نجم نقتل عبد مغير ما يموت,Other
كيفاش نحرك حجات مغير ما نمسهم,Other
شنوة نجم نهدي لصاحبتي في عيد ميلادها ؟,Social & Romantic Relationships
كيفاه نجم نحول Huawei y9 و نردو Samsung s24 ultra,Technology & Digital Life
عسلامة، برأيك عندكش فكرة قداش سخانة في المهدية تو؟,Other
كيفاش نولي هكي؟,Personal Development & Life Advice
شنو اهم حاجة في دنيا,Society & Current Affairs
علاش الخُضرة اسمها خُضرة,Other
كيفاش نطيب مقرونة ؟,Food & Cooking
علاش تعملو في الحاجة هذه ؟ شنوة تحبو تستيو,Greetings & Small Talk
شنو تاكل في فطور الصباح بش تحافظ على صحتك,Health & Body
كيفاش نعرف المطر باش تصب؟,Other
علاش الولد ما يحبش يسمع امه كيف توصيه؟,Social & Romantic Relationships
كيفاش نولي هكي؟,Personal Development & Life Advice
كيفاش نقضييو على بهامة الشعب التونسي؟,Society & Current Affairs
كيفاش نوقفو الفساد في المؤسسات العمومية؟,Society & Current Affairs
هل المرمز اكلة اصلها تونسي ولا موزمبيقي؟,Food & Cooking
عدد الولايات في الدولة التونسية,Geography
كيفاش نفرغ ستوكاج تلفوني ؟,Technology & Digital Life
كم عدد سكان الدولة التونسية,Geography
علاش تبدل المناخ في تونس,Society & Current Affairs
كيفاش نخلي الفيديو متاعي تعمل أكثر مشاهدات ؟,Culture & Entertainment
حاير شنو ناكل؟,Food & Cooking
ما هو الطعام المفضل لديك,Food & Cooking
شنو هوما اكثر ماكلات يحبوهم التوانسة؟,"Food & Cooking, Culture & Entertainment"
ما هومصير البلاد,Society & Current Affairs
ماهو مستقبل شبابنا,Society & Current Affairs
كيفاش نقنع امي تجيبلي قتوس,Social & Romantic Relationships
قداش فما من دولة في العالم؟,Geography
كيفاش نعمل شوش بالكرامال؟,Food & Cooking
كم من ساعة في اليوم؟,Other
كفاه نجم انقص من العراك بين اولادي,Social & Romantic Relationships
كفاه نتحكم في ولدي في سن المراهقة,Personal Development & Life Advice
علاه الطقس دينا سخون,Other
شنوا أقوى مشروع في تونس,Society & Current Affairs
وقتاش ماتش الافريقي الجاي؟,Culture & Entertainment
كيفاش ناخو 20 في العربية؟,Education & Studying
كيفية تحضير الكسكسي,Food & Cooking
علاش اغلبيه التوانسه يخممو في الهجره لكندا أو لبلدان أوروبية,"Travel & Immigration, Society & Current Affairs"
نحب نفهم علاش في تونس نسبة التوتر والامراض النفسية في تزايد,"Health & Body, Society & Current Affairs"
علاش الصغار يحبو ياكلو الحلويات؟؟,"Food & Cooking, Society & Current Affairs"
شنية اسباب اللي خلات أولادنا كرهو الدراسة؟؟,"Education & Studying, Society & Current Affairs"
علاه لعباد مدمنا على الدخان,"Health & Body, Society & Current Affairs"
كيفاه نتعلم شطرنج,"Education & Studying, Culture & Entertainment"
كيفاش نربي صغيري,Social & Romantic Relationships
كيفاه يخدم هذا كي الشات جي بي تي ???,Other
كيفاش تتزرع الزطلة؟,Other
هل الوعي يحتاج الجسد,Other
شبيك ما تضحكش؟,Society & Current Affairs
شحوال الطقس,Other
شنوة رايكم في تركيبة المجمتمع التونسي ؟,Society & Current Affairs
هل تونس قابلة للتطور ؟,Society & Current Affairs
وين ماشي مباعد,Other
‏ما هي مدينتك المفضلة؟,"Culture & Entertainment, Geography"
كفاش نبعدوا صغارنا عن الألعاب المضرة على التاليفون المحمول و نراقبةهم ؟,Personal Development & Life Advice
كفاش نجموا نخليوا صغارنا مغرومين بقراءة القصص و دراستهم ؟,Education & Studying
كفاش نجموا نخليوا صغارنا مغرومين بقراءة القصص و قرايتهم,Education & Studying
علاش الصغار معادش يحبو يقراو؟,Education & Studying
كيفاش نعمل خبزة قاتو؟,Food & Cooking
شنوة احوالك,Greetings & Small Talk
شنوة عامل لاباس،,Greetings & Small Talk
شفما جديد,Greetings & Small Talk
عيشك تاكل كسكسي بالبسباس,Food & Cooking
طاحت السخانة,Other
اقعد واقف,Other
ارتاح يزي,Other
اسكت خير,Other
نمشيو السوق نشري ما كتب,Other
فما قراية نهار اثنين؟,Society & Current Affairs
نحب ناكل الناهي أحسن بلاصة باش ناكل.,Food & Cooking
قداه عدد سكان تونس,Geography
من وقتاش تونس علصمة ثقافية,"Culture & Entertainment, Geography"
وقتش تسنعت NASA,Culture & Entertainment
كيف يطهو مقونة,Food & Cooking
كيف تطيب,Food & Cooking
علاش الصغار يتعاركو ديمة قدام المدارس,Social & Romantic Relationships
علاش الرضاعة الطبيعية نافعة لجسم الإنسان,Health & Body
وقتاش لازم نزبرو الزيتون,Food & Cooking
وقتاه نجمعو الرمان,Food & Cooking
علاش الصغار ولاو متعلقين برشا بالتالفونات,"Technology & Digital Life, Society & Current Affairs"
كيفاه تطيبوا كسكسي بالقديد,Food & Cooking
علاش العباد تحب ماكلة الشارع,"Food & Cooking, Society & Current Affairs"
كيفاش متقومش مكرز الصباح,Personal Development & Life Advice
كيف تصبح فقير في 7 سنين,Personal Development & Life Advice
اهمية القراءة في النهار,Education & Studying
شنية الوصفة الباهية الطبيعية للشعر الطايح ؟,Health & Body
وين موجود تونس في خريطة العالم؟,Geography
كيفاش نجم نصلح التلفزة كيتيح السنيال؟,Technology & Digital Life
شنوة أفكار مشروع في مجال الروبوتيك,Technology & Digital Life
علاش تونس شعب الهريسة؟,Culture & Entertainment
اعطيني انتاج بالفرنسية على صغار غزة,"Education & Studying, Languages & Translation"
كيفاش نطيبو الشكشوكة بالفلفل الملاحي ؟,Food & Cooking
شقولك في حنتنا المهدوية ولبستنا العربي؟,Culture & Entertainment
شنية البلايص المزيانة الي نجم نزورها في المهدية؟,Culture & Entertainment
شنية الروسات متع البريك المهدوي؟,Food & Cooking
زعمـا نمشي نقرا؟,Education & Studying
كيفاش واحد يقنع ولدو  بش ما يدخنش وما يتبعش اصحاب السوء,"Social & Romantic Relationships, Personal Development & Life Advice"
كيفاش نقسم وقتي و نركز في قرايتي,Personal Development & Life Advice
كيفاش نقسم وقتي و نركز في قرايتي,Personal Development & Life Advice
كيفاش نطيب كسكسي ؟,Food & Cooking
شنوة عملت اليوم,Greetings & Small Talk
اش نوو احوالك,Greetings & Small Talk
لاباس؟,Greetings & Small Talk
اعملي فقرة توصف فيها شخص جسديا و معنويا,Education & Studying
كيفاش نكتب فقرة على وضع الاقتصاد,Money & Finance
"كيفاه نقس من ستراس
",Personal Development & Life Advice
كيفاش انجم نتحصل على معدل باهي و اني نمارس هوايات,"Education & Studying, Personal Development & Life Advice"
ياخي تونس ناوية تدخّل McDonalds ؟,Society & Current Affairs
ياخي شنية أكثر حاجة تصدرها تونس؟,Society & Current Affairs
بالحق، فمّا طباعة 3D تبني ديار في تونس؟,Technology & Digital Life
أنهو أصعب كوليج بيليت في تونس؟,"Education & Studying, Society & Current Affairs"
ياخي فما سينما في المهدية؟,Culture & Entertainment
بالحق، اكتشفوا ماء سخون تحت أرض تونس؟,Society & Current Affairs
ياخي تونس طلعت صاروخ قبال؟,"Culture & Entertainment, Society & Current Affairs"
شكون آنا راجل أو على مرأة في تونس؟,Social & Romantic Relationships
شنو أحسن مسلسل معروف ويتمدوا عليه التوانسة الكل؟,Culture & Entertainment
شكون الكوري المشهور علي جي تونس ليمات هادوم؟,Society & Current Affairs
بربي اعتيني فقرة على البطالة,Society & Current Affairs
"بالله اعتيني فرض علوم حياة و ارض
",Education & Studying
بلهي كيفاه نعمل درون,Technology & Digital Life
قداه من مرة يلزمني ناكل كل نهار,Health & Body
"شنحوالك؟
شتوة الطقس؟
وينك؟
",Greetings & Small Talk
شنوا الأكلة التونسية للمعروفة,Food & Cooking
قداه تاكل من مرة في النهار,Food & Cooking
وقتها تعمل القيلولة متاعك,Personal Development & Life Advice
شنوا الأصول التارخية للباس التقليدي المهدوي في تونس,Culture & Entertainment
علاه العباد ديما يطلعوا في حوايج الناس و اسرارهم,Society & Current Affairs
علاه كي عبد ينجح برشا ناس يحبوا يطيحوه,"Social & Romantic Relationships, Society & Current Affairs"
علاش الاولاد ديما يتعاركوا قدام الليسي؟,Social & Romantic Relationships
علاش النساء تعول في الدار,"Society & Current Affairs, Food & Cooking"
زعما باش يجي نهار و تصير حرب على الماء ؟,Society & Current Affairs
علاش اسرائيل شادة صحيح في ارض فلسطين ؟,Society & Current Affairs
وقتاش العيد الصغير ؟,Religion & Beliefs
وقتاش يجي رمضان السنا ؟,Religion & Beliefs
يعيشو في تونس اسرائلين ؟,Society & Current Affairs
علاش يجيني النوم بعد ما نفطر ؟,"Health & Body, Food & Cooking"
شنو نعمل خلي نزيد تركيزي في الامتحان,"Personal Development & Life Advice, Education & Studying"
شنووا هي معايير المناظرة متاع النفيام,Education & Studying
شكون اول طبيبة تونسية,"Health & Body, Society & Current Affairs"
اناهي اكبر ولاية في تونس,Geography
وقتاش استقلت تونس,Culture & Entertainment
شنيا احسن وتلا في سوسة,Culture & Entertainment
شكون احسن رابرور تونسي في عام 2023,Culture & Entertainment
شكون افتتح مهرجان قرطاج عام 2024,Culture & Entertainment
وين جات اعلى قمة في تونس,Geography
شنيا اهم 5 حضارات عاشت في تونس,Culture & Entertainment
هل تونس تنتمي الى البلدان العربية,Geography
علاش التوانسة يطيبو العصيدة في المولد,"Food & Cooking, Culture & Entertainment"
اعطيني روسات كسكسي بالقرنيط,Food & Cooking
شنيا أسرع طريقة باش تعمل فلوس,Personal Development & Life Advice
اماهي اكثر مدينة سياحية في تونس,Culture & Entertainment
باش اكثر حاجة معروفة تونس؟,Culture & Entertainment
زعما يجي نهار و تونس تتنظم و تولي ديمقراطية ؟,Society & Current Affairs
شنوة صاير جديد في العالم؟,Society & Current Affairs
قداش درجة الحرارة ليوم؟,Other
اقترح عليّ فكرة عشاء,Food & Cooking
منافع العناصر الغذائية,"Health & Body, Food & Cooking"
فكرة مفاجأة لعيد ميلاد,Social & Romantic Relationships
افكار لمقولات ايجابية و تحفيزية,Personal Development & Life Advice
شنيا نطيب ليوم كي يبدا عندي كان خضرة,Food & Cooking
شنية اكثر ولاية في تونس ينجح فيها الاستثمار,Money & Finance
وقتاش انتخابات تونس الجاية,Society & Current Affairs
اكتبلي غناية بالتونسي على الغربة,"Culture & Entertainment, Travel & Immigration"
اعملي ملخص عل تاريخ الاسلام في تونس,Religion & Beliefs
احكيلي نكتة بالتونسي تضحك,Languages & Translation
كيفاش تخلقت اللغة الدارجة في تونس,Languages & Translation
شكون اول رئيس تونسي شد بعد الاستعمار,"Society & Current Affairs, Culture & Entertainment"
اكتبلي ميساج للمعلم متع الدروس الخاصة بش نقلو لي انا مريضة بكل تربية و منجمش نجي,Education & Studying
اعملي سيناريو فيه برشا تشويق لمسلسل متع رمضان 30 حلقة,Culture & Entertainment
شنيا اسهل و احسن طريقة بش نتعلم لغة جديدة ؟,"Languages & Translation, Education & Studying"
علاه السماء زرقاء ؟,Science and Math
دبر عليّا فيلم نتفرجو و الا كتاب نقراه,"Education & Studying, Culture & Entertainment"
اعطيني معلومة جديدة,Education & Studying
اعطيني فكرة متاع كادو,Social & Romantic Relationships
شنية نجم ناكل ليوم,Food & Cooking
كيفاش نجم ننفيستي في فلوسي,Money & Finance
كيفاش نظم وقتي,Personal Development & Life Advice
كيفاش نموتفي روحي باش نترانا,"Personal Development & Life Advice, Health & Body"
شكونهم أشهر الكتّاب و الكاتبات في تونس؟,Culture & Entertainment
أعطيني أحسن مواقع بش نلقى خدمة باهية في تونس في أي مجال؟,"Personal Development & Life Advice, Technology & Digital Life"
كيفاش نتعامل مع عرف صعيب؟,"Social & Romantic Relationships, Personal Development & Life Advice"
أحسن و أسرع طريقة بش نتعلم التطييب؟,Food & Cooking
قداش من كوكب فما في العالم؟,Geography
كيفاش نجاوب عرفي بطريقة محترفة كي يطلب مني حاجة منحبش نعملها؟,"Social & Romantic Relationships, Personal Development & Life Advice"
شنيا أحسن مواقع نجّم نعمل بيهم سيرة ذاتية باهية بش نقدّم لأي خدمة؟,"Technology & Digital Life, Personal Development & Life Advice"
ماركات معروفة و باهية لمنتوجات متع شعر؟,Health & Body
أكثر قهاوي معروفين و مشكورين في تونس العاصمة؟,Culture & Entertainment
طريقة نتخلص بيها مالبخل و نكون انتاجية اكثر؟,Personal Development & Life Advice
شكون هز الكرة الذهبية عام 2003؟,Culture & Entertainment
كيفاش نصلح نومي؟,"Health & Body, Personal Development & Life Advice"
قداش فما من بلاد في افريقيا؟,Geography
قداش فما من سورة في القرآن؟,Religion & Beliefs
شكون ربح دوري الابطال عام 1996؟,Culture & Entertainment
هل مايك تايزن مسلم؟,"Culture & Entertainment, Religion & Beliefs"
اكتبلي فقرة قصيرة تحكي على جربة,Geography
هل شوفلي حل اقوى سيتكوم تونسي؟,Culture & Entertainment
قداش طول مضيق صقلية؟,Geography
تونس قداش فيها من ولاية,Geography
كيفاش نعمل اصحاب جدد؟,Social & Romantic Relationships
كيفاش نقول منحبش نخرج معاكم بلطف؟,Social & Romantic Relationships
الدوش بالماء البارد يعاون بعد الرياضة ؟,Health & Body
كيفاش نعمل جو مع اختي في الدار وحدنا؟,"Social & Romantic Relationships, Culture & Entertainment"
طريقة لتحضير براونيز بدون فرن,Food & Cooking
فهمني SQL,"Technology & Digital Life, Education & Studying"
اوقات الصلاة في تونس,Religion & Beliefs
شنو الماكة لي فيها المانزيوم؟,"Health & Body, Food & Cooking"
كيفاش نحسن من قدراتي في التواصل ؟,"Personal Development & Life Advice, Social & Romantic Relationships"
شنو تعرف عليا؟,Greetings & Small Talk
علاش كيف نزيدو في الباهي يخياب أما كي نزيدو فى الخايب يرجع أخيب و ما يرجعش باهي ؟,Other
كفاش تكون العالم ؟,Science and Math
كيفاه يخدم الذكاء الإصطناعي ؟,Technology & Digital Life
علاش فما شر في الدنية ؟,Society & Current Affairs
علاش الناس عندها أحاسيس ؟,Social & Romantic Relationships
لخصلي تاريخ الحضارة الإغريقية,Culture & Entertainment
علاش ما فما حتا حاجة أسرع مل الضوء ؟,Science and Math
اكتبلي كفاه بدات الدنية حتى لوقتنا توة,Science and Math
كفاه يتكون الهواء ؟,Science and Math
كيفاه الخلاية لي في وسط البدن تعرف كيفاه تتصرف ؟,"Science and Math, Health & Body"
قائمة البلدان المتخلية عن الاتحاد الاوروبي؟,Geography
كيفاش نجم نولي ذكي,"Education & Studying, Personal Development & Life Advice"
جيل المنتخب القومي 2004,Culture & Entertainment
هل يعتبر الذكاء ميزة,Education & Studying
لواش عملنا ثورة,Society & Current Affairs
منافع المورينغا,Health & Body
شنوا الافرق بين المعجزة المحمدية و المعجزات الاخرى,Religion & Beliefs
هل يعتبر اولاد مفيدة مسلسل فساد,Culture & Entertainment
حروف مركب الجر,Education & Studying
كيفاش انحي التفكير الزائد,Personal Development & Life Advice
شنو انجم انخرج من قطاع الخردة الي عندي,Other
شنو هي ديانة الثليما,Religion & Beliefs
زعما هتلر انتحر ولا قتلوه,Culture & Entertainment
شنو اسهل حاجة انجم انتيبها,Food & Cooking
نلبس نصف يد و الا يدين طوال,Personal Development & Life Advice
نمشي انبحر؟,Other
ماهي اكثر اللغات تحدثا في العالم؟,Languages & Translation
كيف تحتفل الثقافات المختلفة برأس السنة ؟,Culture & Entertainment
ما هي بعض التقنيات الفعالة لإدارة التوتر؟,Personal Development & Life Advice
ما هي بعض البرامج التلفزيونية الشهيرة للمشاهدة في عام 2024؟,Culture & Entertainment
ما هي فوائد بدء عمل تجاري صغير؟,"Money & Finance, Personal Development & Life Advice"
من هو أشهر مغني في العالم حاليًا؟,Culture & Entertainment
ما هي أفضل الأفلام التي يجب مشاهدتها في الخيال العلمي ؟,Culture & Entertainment
كيف أتعلم مهارة جديدة بسرعة؟,"Personal Development & Life Advice, Education & Studying"
كيف يمكنني تعلم لغة جديدة بشكل فعال؟,Languages & Translation
شبيك ساعات بهيم,Other
كيفاش نلم ثروة في تونس,"Money & Finance, Society & Current Affairs"
شنوا الخدمة لي فيها برشا فلوس,"Money & Finance, Personal Development & Life Advice"
شنوا لازمني نتعلم بس نبني career باهي,Personal Development & Life Advice
أنت شكون,Greetings & Small Talk
كيفاش نريفز 10 ماتيارات في ليلة,Education & Studying
كيفية التخلص من ai,Technology & Digital Life
علاش السماءً زرقاء و الشمس صفراء و السمك يسبح في الماء,Science and Math
مريم عندها 12 شكلاطا اكثر من احمد. احمد عندو 6 شكلاطا اكثر من مروان. مريم عندها دوبل الشكلاطا متع مروان. احمد قداش عندو شكلاطا؟,Science and Math
أعطيني قصة تضحك تحكي على سفيان الشاعري و السفر في البحر,Culture & Entertainment
اعملي حوار ب 3 ادوار بينات واحد يخدم في كاسا و حريف. كل واحد عندو 3 ادوار. قلي كل واحد شنوا قال,Culture & Entertainment
اعمل شعر عالشمس و القمرة,Education & Studying
"هل سيرل يخمم إنّ الذكاء الاصطناعي ينجم يفكّر؟ فسّر مستند على الأسباب اللي تقالت في هالنص.
النص:
""تجربة سيرل الفكرية تبدا بفرضية افتراضية: نفترض إنّ أبحاث الذكاء الاصطناعي نجحت وصنّعت كومبيوتر يتصرّف كيف لو يفهم الصينية. ياخذ رموز صينية كمدخلات، وعن طريق تعليمات برنامج كومبيوتر، يخرّج رموز صينية جديدة كمخرجات. نفترض، كيما يقول سيرل، إنّ الكومبيوتر هاذا يقوم بدوره بشكل مقنع لدرجة إنّه ينجح بارتياح في اختبار تورينغ: يقنع متحدّث صيني إنّ البرنامج نفسه إنسان حي يتكلّم الصينية. على كل سؤال يسأله الشخص، يعطي إجابات مناسبة، وأي متحدّث صيني باش يقتنع اللي يحكي مع شخص آخر يفهم الصينية. السؤال اللي سيرل يحب يجاوب عليه هو: هل الآلة تفهم الصينية بالمعنى الحرفي؟ ولا هو مجرّد يحاكي القدرة على الفهم؟ سيرل يسمي الموقف الأول ""الذكاء الاصطناعي القوي"" والموقف الثاني ""الذكاء الاصطناعي الضعيف"". بعدين سيرل يتخيل إنه موجود في غرفة مغلقة وعنده كتاب فيه نسخة بالإنقليزية من برنامج الكومبيوتر، ومعاه أوراق وأقلام وممحاة وخزاين ملفات. سيرل يقدر يستقبل رموز صينية من شقّ في الباب، ويعالجها حسب تعليمات البرنامج، ويخرّج رموز صينية، من غير ما يفهم محتوى الكتابة الصينية. لو كان الكومبيوتر نجح في اختبار تورينغ بالطريقة هذي، يعني سيرل بنفسو ينجم ينجح زادة بمجرد تطبيق البرنامج يدويًا. سيرل يقول ما فماش فرق جوهري بين دور الكومبيوتر ودورو هو في التجربة. كل طرف يتّبع برنامج خطوة بخطوة، ويعطي تصرّف يتح من المستعمل على أنّه محادثة ذكية. لكن سيرل نفسه ما يفهمش حتى كلمة صينية (كيما قال: ""انا ما نعرفش حتى كلمة صينية""). من هنا يستنتج إنّ الكومبيوتر زادة ما يفهمش. سيرل يعتبر إنه من غير فهم (ولا ""النية"" أو الإنشتينالية)، ما نقدروش نوصفو اللي تعملو الآلة بأنه ""تفكير"". وبما إنه ما يفكّرش، فهو ما عندوش ""عقل"" بالمعنى العادي للكلمة. وبالتالي، يقول سيرل إنّ فرضية ""الذكاء الاصطناعي القوي"" غالطة.""",Education & Studying
"قلي شيعمل الكود هاذا import json csv_file = open('csv_file.txt', 'r') json_list = [] for line in csv_file.readlines(): club, city, country = line.strip().split(',') json_dict = {'club': club, 'city': city, 'country': country } json_list.append(json_dict) csv_file.close()",Technology & Digital Life
"تنجم تلوجلي الحاجات الغالطا غي الكود هاذا؟ اعطيني الكود الصحيح في اللخر? function countVowels(str) { let vowels = ['a', 'e', 'i', 'o', 'u']; let count = 0; for (let i = 0; i < str.length; i++) { if (vowels.includes(str[i])) { count++; } } return count; }",Technology & Digital Life
نحبك تحملي رسالة تقاعد للرئيس متاعي. اسمي أنور شركة متاعي: تونيسار. رتبة:محلل معلومات اسم الرئيس : محمد. اخر نهار : بعد جمعتين من ليوما(ليوما 02/10/2023(,Legal & Administrative
"بن علي هو الرئيس نومرو ""أ"". شنوا تطلع ""أ"". ",Society & Current Affairs
اعطيني قصة تخوف ب اربعا جمل تحكي عالنوم,Culture & Entertainment
تونس تستعمل الفارنهيت والا السلسيس,
"اعطيني قصة تافها استعمل فيها الكلمات هاذم : الأرض , فضائي,حوت","Culture & Entertainment, Science and Math"
قداش بعد القمرة عالأرض,Science and Math
"قلي شنوا الميساج في الايميل هاذا: إيميل: خرجت مع القديم, دخل مع الجديد💫 نهار الثنين, 13 فيفري, بش نودعو العمل الجماعي القديم. وقتلي العمل الجماعي القديم خدم خمتو, توا فرحانين بش نعطيو كل مستعملي العمل الجماعي حاجا جديدا تعاون تعمل خدما مركزا و برودكتيف اكثر, وترد خدمتك تضهر احسن! ميزلت ما بدلتش؟ ميزال عندك الفرصة بش تبدل قبل نهار ثنين الجاي. بدل في حسابك و تا تلقا روحك حاضر للعمل الجماعي الجديد!,",Other
"شانب باش يجرّب أوّل طبق نباتي عندو: ساندويتش بالقرنبيط. الساندويتش الجديد يشبه برشة ساندويتش الدجاج المشهور متاعهم، لكن يستعملو قرنبيط مغطّى و مطبوخ بالضغط بدل اللحم. ابتداءً من نهار الإثنين، هالمطعم الخاصّ، اللي يصنّف من كبار المطاعم في تونس حسب المبيعات، بش يجرّب الطبق هاذا في فرعه في سوسة وكم شعبة أُخرى في الساحل التونسي. شانب يقول راهو يخدم على ساندويتش نباتي تقريب أربع سنين، في نفس الفترة اللي برشة مطاعم شهيرة في العالم ولّت تغيّر في القوايم متاعها ببدائل نباتية. أمّا هالبدائل النباتية اللي تشبه اللحم الحقيقي قليت شعبيّتها بعد ما طلعت برشة في فترة الحجر الصحّي. شركات كبيرة كيما ""بيوند"" و""إيمبوسيبول"" خفّضو العمالة متاعهم بحوالي خمس قوتهم العاملة.

""فتّشنا في كل جانب من عالم الأكلات النباتية باش نلقاو العنصر المناسب للطبق النباتي متاعنا""، هكّا قال مسؤول المطبخ في شانب، ستوارت ترايسي، في بيان. ""كل مرّة نرجعو للقرنبيط كقاعدة أساسية للساندويتش.""

في العشر سنين الأخيرة، القرنبيط ولا بديل شعبي لبرشة أكلات مختلفة. تلقى ناس في المطاعم التونسية يقدمو قرنبيط مقلي مغطّى بصوص حار كبديل لأجنحة الدجاج، وشفناه زادا في أشكال جديدة كيما قرنبيط في شكل بريتزل، ولا مقطّع رقيق يستعملوه بديل للروز (الأرز).",Food & Cooking
بدلي الجملة هاذي لحاجا باهيا نجم نزيدها لقصة خيالية: الكائنات الفضائية جاو مالفضاء و سيطرو عالمدينة,Culture & Entertainment
اعطيني فرضية لفيم يضحك,Culture & Entertainment
قارة انترتكا في القطب الشمالي والا القطب الجنوبي,Geography
شنوا اكبر هادر تاغ في HTML,Technology & Digital Life
شنوا حاجات باهيا نجمو نعملوها في توزر,Travel & Immigration
اعملي قصة قصررة على طفلة صغيرة اسمها شيماء مشات في رحلة صيفية. اعملها بينات 2 و 4 فقرات,Education & Studying
اعطيني برنامج يعمل الجمع متع الارقام لكل من 1 ل 100,Technology & Digital Life
اعطيني ليستا متع بلايص في تونس للصغار. حطهم في ليستا تبدا ب *. الإسم كاهو ماغير وصف بللهي,Culture & Entertainment
"عندي المكونات هاذي في الفريجيدار ""عضام, تن, هريسا,كمون,مقرونا فل,طماطم كعب و طماطم حكة"". شنوا نجم نطيب",Food & Cooking
اعطيني إجابة لللغز هاذا. معا شكون لعبت انس جابر كي ربحت المبارات؟,Culture & Entertainment
اكتبلي البداية متع القصة. لازم فيها 3 جمل. و فيها الكلمات هاذم: كتاب قهوة منبه. البطل مرا,Education & Studying
بش نمشي لمنتزه دحدح في الصيف الجاي اعطيني ليستا بأحسن الدرجيحات غادي,Culture & Entertainment
اعطيني كيفاش نجمو نربحو كاس افريقيا في كرة القدم,Culture & Entertainment
"اعطيني شعر فيه نفس النغمة مع ""قبعة"". مش اكثر من 10 اسطر.حاول تعملها تشبه ابو القاسم الشابي",Culture & Entertainment
اعملي رسالة لواحد مالخداما متاعنا. استعمل المعلومات هاذي: اسم: ادم محسن . وضيفة: مساعد عمل من:2012-2022 شهرية:9.5 دينار في الساعة وضيفة يحب عليها: مدير اعمال في عزيزة,Legal & Administrative
اكتب قصة قصيرة و جو على بطة صغيرة ضايعة في الغابة اما لقات الحب,Culture & Entertainment
احكي شعر على واحد ما يحبش يخرج مالدار بضمير الغائب. احكي فيها عالحاجات الخايبة متع تقعد وحدك,Personal Development & Life Advice
اعمل ليستا متع حاجات يحبهم واحد عمرو 15 يحب يقعد كان في الدار,Social & Romantic Relationships
وقتاش مات شكري بلعيد؟,Society & Current Affairs
اعطيني ليستا متع حاجات مهمة ايا كاتب لازم يتبعهم كي يكتب حاجا معا تفسير,Personal Development & Life Advice
اعطيني رسالة نعطيها لواحد بش نشجعو يولي نباتي,Personal Development & Life Advice
"اعطيني كود بايثن نجم نعمل فيه الجمع متع ارقام من ""أ"" الى ""ب""",Technology & Digital Life
فما 68 كلب داخلين في مسابقة متع كلاب. فما 36 كلاب صغار اكثر مل الكلاب الكبار. قداه فما من كلاب صغار؟,Science and Math
وقتاش اول مرة استعملو البنسلين عالعباد؟,Education & Studying
تنجم تفسرلي الكود هاذا؟ :def fibonacci(n): if n == 0: return 0 elif n == 1: return 1 else: return fibonacci(n-1) + fibonacci(n-2),Technology & Digital Life
"هل هذي لحظة باهية باش تستثمر في البيتكوين حسب التصريح هذا؟ أشرح علاش ايه ولا لا.
الوثيقة:
""البيتكوين عاش ثاني أفضل شهر جانفي من عشر سنين، والمزاج العام للمخاطرة قاعد يتحوّل لصالح هالعملة اللي كانت في مشكلة قبل. سعر البيتكوين طلع برشة (42٪)، بدا سنة 2023بحوالي 16600 دولار ووصل تاوة أكثر من 23500 دولار حتى نهار 2 فيفري. والأهم من هذا أنّ الوضع الاقتصاد الكلّو مشجّع زادة، مع مجلس الاحتياطي الفيدرالي (الفيد) اللي بدى يبطّأ في زيادات نسب الفائدة لمستوى 25 نقطة أساس في اجتماع الشهر هذا، رغم إنّ بعض الاقتصاديين يتوقعو إمكانية ركود اقتصادي.""",Money & Finance
اعملي عنوان متع مسرحية كوميدية تحكي على زوز عباد من زوز فرق مختلفة في السبور ولاو يحبو بعضهم,Culture & Entertainment
زيد تعليقات للكود هذا بش نعرف كل تعليق شيعمل: #!/bin/bash date pwd ls mkdir new_directory cd new_directory cat file.txt,Technology & Digital Life
شنوا طرق مختلفة بش نعمل branch في ال git؟,Technology & Digital Life
"لخّص النص العلمي هذا في صيغة ""تي إل:دي آر"" (يعني خلاصة سريعة).
الملخّص:
""الفكرة الأساسية في التطور البيولوجي هي أنّ السكان والأنواع يتبدّلوا مع الوقت. اليوم، كي نفكرو في التطور، نربطوه غالبًا بشخص محدد: عالم الطبيعة البريطاني تشارلز داروين. في خمسينات القرن ١٩، داروين كتب كتاب مثير للجدل بعنوان (حول أصل الأنواع). فيه، اقترح أنّ الأنواع تتطوّر (كيما قال، تتحوّل ""بالنزول مع التعديل"")، وأنّ كل الكائنات الحيّة تقدر تتبع سلالتها لأصل مشترك. زادا اقترح آلية للتطور: الانتخاب الطبيعي، وين الصفات الموروثة اللي تعاون الكائن يعيش ويتكاثر تولي أكثر انتشار في المجموعة مع الوقت.""",Science and Math
"عاود كتابة النص هاذا في صيغة تغريدة.
النص:
""إستراتيجية العمل في أبسط شكلها هي أداة تعاونك تحقّق أهدافك في البزنس. الإستراتيجية تعطيك المبادئ اللي ترشد قرارات تنظيمية برشة، كيما وقت تعيّن موظّفين جدُد ولا تطوّر منتجات جديدة، وتعاونك تحدّد الطرق والتكتيكات اللي تلزمك تاخذهم في شركتك. إنّك تعمل إستراتيجية للبزنس متوافقة مع الرؤية متاعك للمؤسسة حاجة تستهلك وقت. ورغم إنّو مفهوم الإستراتيجية باهي نظريًا، إنّك تطوّر إستراتيجية جيّدة وتطبّقها فعليًا موش حاجة سهلة.""",Personal Development & Life Advice
قلي عل اقل 5 انواع متع ماكلا نجم ناكلها بش نولي صحي و نقص وزن. رتبهملي بالابجدية والليستا اعملها منضمة بالارقام,"Food & Cooking, Health & Body"
احسن بلايص نجم نمشي فيهم شهر عسل في تونس,Travel & Immigration
ليستا متع احسن المبارايات متع المنتخب التونسي,Culture & Entertainment
"من هالمعطى، لخّص شنوة هو الارتباط في 2-3 جمل بسيطة وسهلة الفهم.
الإدخال:
""في الإحصاء، الارتباط هو أي علاقة إحصائية، سواء كانت سبب ولّا لا، بين متغيرين عشوائيين ولا بيانات ثنائية. ولو في أوسع المعاني، ""الارتباط"" ينجم يدلّ على أي نوع من الارتباط، إلّا أنّه في الإحصاء عادة يشير لدرجة العلاقة الخطية بين زوج متغيرات. أمثلة معروفة على الظواهر المرتبطة: العلاقة بين طول الوالدين والأبناء، والعلاقة بين سعر سلعة والكمية اللي المستهلك حاب يشتريها، كيما مبين منحنى الطلب. الارتباطات مفيدة خاطرها تنجّم تورّي علاقة تنجم نتنبّأ بيها عمليًا. مثال: شركة كهرباء تنجّم تنتج كهرباء أقل في نهار معتدل كيما يورّي الارتباط بين الطلب عالكهرباء والجو. في المثال هذا، فمّا علاقة سببية، خاطر الجو المتطرّف يخلّي الناس يستعملو أكثر تدفية أو تبريد. أما عمومًا، وجود الارتباط لا يكفي باش نقولو إنّو فما علاقة سبب ونتيجة (يعني الارتباط ما يعنيش السببية).""",Social & Romantic Relationships
اعطيني ليستا متع خمر احمر يجي باهي معا لحم الضلع. استعمل أ/.ب/.ج/. كرؤوس أقلام,Food & Cooking
"اعطيني جافاسكريبت كود تعمل iframe ما يتراش للexample.com/things. اعطيه ID و زيدو في الCSS ""help-centre.""خلي تعليقات",Technology & Digital Life
"عطيني تلخيص بزوز جملات للحوار هاذا: احمد:اهلا صاحبي! شتعمل الأحد هاذا؟ منير:نتصور شنقعد فالدار نتفرج في الكورة اني و صاحبتي, و انت شنوا شتعمل؟أحمد:بش نبرمج حفلة متع كورة, صحاب قراب كاهو. شنستدعي خالد و صاحبتو زادا.تحب تجي؟ منير:باهي صاحبي!شنوا نجيب معايا؟ نعرفك تحب اللوبيا الحارا متاعي. أحمد:ايه باهي! بالك شوية بيرا زادا؟ منير:بالطبيعة. نشوفك نهار الأحد صاحبي. التلخيص:",Other
اعملي شعر من الجاهلية على مرا شباب,Culture & Entertainment
اعطيني كود جافاسكريبت يحسب المجموع متع الارقام اللي نعطيها,Technology & Digital Life
"بناءً على النص التالي، هل منافع تدخين السجائر أكبر من المخاطر؟ أشرح كيفاه وصلت للاستنتاج هذا.
النص:
""يقولو إنّ التدخين ينجم ينقص السترس بشكل كبير، ويعاون الواحد يرتاح ويركّز ويقوّي النفسية. التدخين ينجم زادا يكون طريقة باهية باش نتحكّم في ضغط الدم في بعض الحالات. والتدخين كيفية باهية باش تنقص احتمالية السمنة، وباش تكون فاتحة حوار في المواقف الاجتماعية. في المقابل، التدخين ثبت علميًا إنّه يسبّب السرطان، أمراض القلب، الجلطة، أمراض الرئة، السكري، وداء الانسداد الريوي المزمن (يشمل النفاخ والالتهاب الشعبي المزمن). زادا يزيد خطر السل وبعض أمراض العيون ومشاكل في المناعة كيما التهاب المفاصل الروماتويدي.""",Personal Development & Life Advice
اكتبلي مقدمة متع فيلم تشويق,Culture & Entertainment
"لخّص الفقرة العلمية هذي في جملتين:
""الدوبامين نوع من الناقلات العصبية المونوامينية. يتصنّع في المخ ويشتغل كرسول كيميائي، يبعث رسايل بين الخلايا العصبية في المخ وبين المخ وبقية البدن. الدوبامين كيف كيف يعمل كهرمون. الدوبامين والإبينفرين والنورإبينفرين هما الكاتيكولامينات الرئيسية (التسمية جاية من تشابه في التركيبة الجزيئية). الهرمونات هذي تتصنّع في الغدة الكظرية، غدة صغيرة فوق كل كلية. الدوبامين زادا هو هرمون عصبي يفرزو الوطاء (الهايبوثالامس) في المخ.""",Science and Math
اعملي قصة ب3 جمل تحكي على كيفاش ربحنا البطولة باحسن هدف,Culture & Entertainment
اعطيني ليستا مرقمة ب10 بلايص متع تمشي في منتزه عين دراهم,Travel & Immigration
فسرلي بكلام لايمان كيفاه الكورة المعوجة تتعوج كي ترميها,Other
اصنعلي شعر ياباني عالأزهار في حقل للأزهار,Culture & Entertainment
"كمل الحوار هذا بين واحد يخدم و حريف. الحريف: اهلا وينك, لاباس عليكم. عندي مشلة حاشتي بشكون يعاوني. الخدام: اهلا. مرحبا بيك. شنوا المشكل مالا؟ الحريف:مانجمش ندخل للحساب متاعي",Social & Romantic Relationships
اما حشرة تنجم تاكل اللوح و تكسرلك دارك,Legal & Administrative
فسلي كيفاش الصاروخ يمشي للفضاء احسبني صغير عمري 5 سنوات,Science and Math
ردلي الجملة هاذي محترمة اكثر : يا خرا كنت ناكل و انتي تطلب على بعضو يا زحي,Other
علاش تغطي فمك كي تكح,Personal Development & Life Advice
"اعملي رسالة لمنصب موضف في مكتبة. ما خدمتش في المنصب هاذا قبل. هو حاجات تنجم تستعملهم: اسم: مريم فرع:مكتبة المنستير قرايا: جامعة و اجازا في علم الاعصاب. خبرة:خدمة عملاء. :تنضيم اوراق, تنضيم كتب و ادواة. تليفون: (123) 456-7891 ايميل:donatella@email.com",Legal & Administrative
اعملي قصة مش اكثر من 15 جملة تحكي على السفر عبر الزمن و الكائنات الفضائية,Science and Math
"اعطيني ملخّص سريع للورقة التالية:
""الكتاب هذا نص عام يتناول مشاكل التنمية الاقتصادية. يحب يستعمل ادوات نظرية الاقتصاد الكلاسيكي والنئوكلاسيكي باش يفسّر مشاكل التنمية الاقتصادية، وفي نفس الوقت يعتمد ع عقود من الدراسات التطبيقية. يشوف تجارب بلدان نامية مختلفة في المواضيع اللي يناقشها، كيما الصين، كوريا الجنوبية، البرازيل، سريلانكا، الهند، كينيا، اندونيسيا، تانزانيا، كولومبيا، البيرو، ماليزيا، والمكسيك. الجزء الأول من الكتاب يعرّف مفهوم التنمية وطريقة قياسها وبعض النظريات اللي تحاول تفسّرها، ونظرة للبيانات اللي جمعناها باش نعرّف التنمية وقت تصير. يحتوي زادا فصل ع السوق ضدّ التدخّل كطرق لتوجيه التنمية. الجزء الثاني يحكي ع مساهمة الموارد البشرية في التنمية، فيه فصول ع السكان، العمل، التعليم، والصحة. راس المال، اللي هو المدخل الفيزيكي الرئيسي الثاني في النمو، نحكيو عليه في الجزء الثالث، اللي يتناول الادخار والاستثمار، السياسة الجبائية، السياسة المالية، المعونة الاجنبية والاستثمار. الفرص اللي توفّرها التجارة الدولية نلقاوها في الجزء الرابع، والجزء الخامس يطبّق الافكار اللي طوّرناها قبل على القطاعات الرئيسية في الاقتصاد: الفلاحة، الموارد الطبيعية، والصناعة.""",Money & Finance
"""أرسلت مفوضية الانتخابات الفيدرالية مراسلة للنائب الجمهوري عن نيويورك جورج سانتوس تأمرو يعلن رسميًا إنه ناوي يترشّح مرة اخرى في 2024، خاطر جمع فلوس كافية بعد انتخابات النصّف في نوفمبر باش تجبروه يقدّم ملف. في الرسالة، المفوضية تطلب من سانتوس ""يا إما ينفي الأنشطة هذي بالكتابة ويقول إنه موش مترشح، ولا يعيد تعيين اللجنة الرئيسية لحملتو ويقدّم بيان الترشّح"". حسب مراجعة سجلّات سانتوس، لقات المفوضية إنّ لجنة حملتو ""ما عندهاش ديون من الدورة الانتخابية السابقة وقبلت تبرعات وصرفت فلوس دعماً لحملتك 2024 أكثر من 5000 دولار، وهذا يخلّيك تنطبق عليك تعريف 'مرشّح' حسب قوانين تمويل الحملات"". سانتوس عندو حتى 14 مارس باش ينفّذ الطلب. الشي هذا يصير بينما النائب الجديد محاصر بفضيحة وممكن يواجه تحقيق في لجنة أخلاقيات المجلس النيابي، تحقيق ينجم يدمّر حياتو السياسية اللي صعّبتها المشاكل. مدة قصيرة قضاها في الكونغرس وغلبوها شكوك على كذبات متكررة حول خلفيتو وسيرتو الذاتية، وهذا أحدث مشكلة مع المفوضية الفيدرالية، اللي من قبل أثارت أسئلة ع تقارير تمويل حملتو، كيما قروض ومصاريف وأسماء مسؤولين في التقديمات. قوانين المفوضية تقول إنّ اي شخص جمع ولا صرف أكثر من 5000 دولار في حملة انتخابات فدرالية لازم يسجّل كمرشح في ظرف ١٥ يوم من الوصول للحد ذاك. واي مرشح، بما فيهم اللي راجعين كيما سانتوس، لازم يقدّم بيان ترشّح للمفوضية في كل دورة انتخابية. سجلّات سانتوس تبيّن إنه جمع وصرف عشرات الآلاف الدولارات من بعد انتخابات النصّف، وهو ما يتجاوز الحد المطلوب من المفوضية لتقديم بيان ترشّح. أغلب النواب يقدّمو بيان ترشّح للدورة الجاية على طول حتى لو ما عندهمش نية يترشّحو، باش ما يدخلوس في اشكال مع قوانين المفوضية. رغم إنّ سانتوس ما أعلنش رسميًا هل بش يترشّح 2024 ولا لا، إلّا إنّو ياخذ فلوس في حملتو حالياً، وهذا يفرض عليه يسجّل حملتو عند المفوضية للدورة.""",Legal & Administrative
"اكتب جملة وحدة تلخّص النقطة الرئيسية من الخبر هاذا:
""كيف باقي الغرب، يوتا عندها مشكلة مع الما. اما الجفاف الكبير والاستهلاك الزايد ما يهدّدش كان الحياة البرية والفلاحة والصناعة هنا، بحيرة السالت لايك العظيمة اللي تختفي تنجم تسمّم ريات أكثر من 2.5 مليون شخص. كيف وصل مستوى المي للمعدل الأدنى في الاشهر اللي فاتو، 800 ميل مربع من قاع البحيرة ظهر - أرض فيها سموم طبيعية وبشرية كيما الزئبق والأرسنيك والسيلينيوم. وكي توة الطين هاذا يولّي غبرة وتتخلط مع الجو الملوّث في الشتا، العلماء يحذرو انّ المسطّح المائي الكبير ينجّم يتقسّم لبحيرات صغيرة ميتة في ظرف ٥ سنين، في طريقو إنه يولّي ""غبرة سامة كبيرة"". ""هاذا كارثة بيئية اللي باش تولّي كارثة صحية للبشر""، حذّرت بوني باكستر، مديرة معهد بحيرة السالت لايك في كلية وستمنستر في مدينة سولت لايك، يوتا. ""نعرفو ع عواصف الغبرة، ونعرفو تلوّث الجزيئات الصغيرة، ونعرفو المعادن الثقيلة وقداش مضرة بالناس""، قالت لـCNN. ""نشوفو أزمة قريبة.""",Science and Math
شنوا الجملة العادية في حلقة جافاسكريبت توريني كمية معينا متع وقت و توقف؟ فسرلي بمثال,"Languages & Translation, Culture & Entertainment"
علاش كي نلعبو ماتش في البلاد مش كيف نلعبوه في بلاد اخرا,"Culture & Entertainment, Society & Current Affairs"
اكتبلي رسالة لحريف طلب حاجا اما الحاجة هاكي معادش موجودا,Languages & Translation
"الجملة لي بش نعطيهالك تنجم تكون فيها برشا كلام ولا معقدا ولا مش واضحا. عاود اكتبها و رد كتيبتك واضحا. كي تنجم, اقسم الجمل المعقدة لبرشا جمل و نحي الكلام الزايد . كان عندك ايا سؤال على المعد متاعي ولا كان جاك لازم تزيد ولا تنقص في نطاق المشروع قلي.",Languages & Translation
"حلّل اختيار الكلمات والتعبيرات وعلامات الترقيم والكابيتاليزيشن في الإيميل المعطى. كيفاش ينجم القاري ياخذ انطباع على الكاتب؟ النبرات تشمل: مُحبط، اِتّهامي، قلق، فضولي، متفاجئ، معبّر على عدم الرضا، متواضع، رسمي، حازم، واثق، شاكر، قلقان، حزين، عفوي، نادم، مشجّع، أناني، فرحان، متفائل، ومتشوّق.
الإدخال:
 اهلا مروا, نشله تكون لاباس. نجمو نتلقاو بعد؟ مضابيا نشوفك شنوا تقلي عل بريزونتاسيون متاعي للاجتماع غدوا. كان تنجم تعاود تثبت ارقام المبيعات معايا.تا نعطيك قهوا.",Languages & Translation
"عاود إكتبلي النص هاذا و صلح غلاط القواعد و التهجئة و التنقيط:كان قتلي عام لتالي ليوم نكمل الماراثون, كنت نضحك. تشجيعك عملي فرشا أثر عليا!",Languages & Translation
"بش نعطيك اقتباس متع اوراق. حولها للنوع المطلوب متع اقتباس. شيكاغو:فسواني,اشيش,شزير,نوام,برمر,نيكي,اوزكوريت,جيكوب,جوناس,ليون,غوميز,ايدن ن.,كيسر,لوكاسز, و الليا بولوسوكهين. ""الإهتمام هو كل ما تريد"" arXiv, (2017). https://doi.org/10.48550/arXiv.1706.03762. MLA:",Science and Math
"خدمت البيرو لازمها برشا كتيبا متع ايميل, هاكا علاه نتعبو كي نعاودو كلامنا. اعطيني برشا كلام يشبه للكلمة لي بش نعطيهالك: كلمة: بإخلاص",Languages & Translation
"كان تنجم تعاوني نكتب إيميل لصحابي الكل نستدعيهم للعشا نهار الخميس, تعمل مزيا كبيرا. ",Personal Development & Life Advice
"النبرا متع الايميل لازم تتبدل و تعاود تكتبها بطريقة احترافية. موضوع: نسئل على عطلة عسلاما [موضف], نشله تكون لاباس. نكتبلك بش نسأل كان نجم ناخو نهار راحا [يوم]. ديجا تلاهيت بخدمتي للنهار هاكا و نجم نجاوب اياسؤال عندك. عيشك على وقتك[اسمك]",Languages & Translation
اعملي بوست متع مواقع تواصل إشتماعي بش إنادي ناس بش نتشاركو على بروجيات شاملا بطريقة مقنعة,Personal Development & Life Advice
احسن حاجا في شوفلي حل هيا:,Culture & Entertainment
تمرين باهي متع كتابا هوا تكتب قصة ماغير وصف. هذا يعاون تتعلم تستعمل كلام جديد و جمل توصف شنوا تحب تقول. هو ميثال:,Languages & Translation
اعطيني شنوا نكتب في الغوغل بش نلقا حاجات عل البرمجة,Technology & Digital Life
اعطيني اكثر اسئلة في stackOverflow على كلمات البحث هاذم. و اعطيني ليستا متع الURL متاعهم. البحث: كيفاش نحي حاجا مالجدول هاذا,Technology & Digital Life
بش نعطيك كود ولا كلام بحث عالكود. لوجلي علا كود عندو علاقا بالبحث هاكا. تدخيل: حلقة بيثن,Technology & Digital Life
"بش نعطيك تفسير لكود, حاجات بالضبط . حاشتي بيك بش تعاوني نصنع كود بش نسرع في التطوير. مدخل: fonction بيثن بش نشوف نومرو زوجي",Science and Math
"كي توحل في مشكلة متع كود, احسن بلاصا بش تشوف اعانة هيا الوثائق . اقرا الوثائق بالباهي و شوف كان فما حاجا تغطي المشكل الي عندك. الجواب قدامك. كان لا حاول لوج على كلمات عندهاعلاقا بالمشكل متاعك. اعطيني الرابط الباهي للكلمات لي عطيتهملك. مدخل: sql لوج قيمة متعاودا",Technology & Digital Life
"دخلنا ميزانية قضية الدار في الجدول هاذا. احسبلي العمود اللخر بالfonction لي عطيتهالك و عاود اكتب الجدول كامل. اقرا حساب, الاعمدة على بعضهم مفرقين بفاصل, و اسطر مقسومين ب ""|"". حاجا,قداش,سوم,مجموع | منغا,5,500,؟ | تفاح, 4,150,؟|زيت,2,1500,؟ function:عمود2*عمود3",Science and Math
بللهي اكتب اسم fonction Excel تابعا كل وصف:ترجع نومرو النهارا بينات نهارين- ترجع البدايا متع نص في وصط نص آخر- ترجع الرقم في وسط مجموعا متع نوامر,Technology & Digital Life
شنوا الخطوات بش نستعمل نص عشوائي بش تعبي كلام في الورد دوكيمون متاعي؟,Education & Studying
"اعمل بالات كولور هادية , البالات كولور اون جنرال تجي مزيانة و رقيقة , هاك علاه لازمك تتأكد انو الPresentation متاعك لازمها تبدا اككا,اختار حتى خمسة الوان ولا les codes متاع الالوان.",Technology & Digital Life
"شريت زوز مراول من بوتيك و سوم كل واحد 10 دينارات.وشريت زادا سروال ب 20 دينار , و بعد شريت روبا ب 30 دينار , و زدت  شريت زوز صبابط ب40 دينار.في الاخّر شريت جيلاي ب 50 دينار,اعملّي جدول فيه الدبش , عددهم و سومهم , فرّق الخانات ب
""|"".",Technology & Digital Life
القالي جمل من بلايص فيهم ثيقا كيما Guardian ولا Forbes فيهم بالضبط كيما الجملة لي بش نعطيهالك. و اعطي المصدر متع كل جملة. مدخل: فما برشرا اختيارات باهين,Other
"وقت الكتيبة , زدنا النجمة للكلمة لي مجاتش على بالنا ,لازمك تعطي شوية امثلة باش توضّح الكلمات الكل الّى تنجم تستعملهم في الجملة في عوض اكا النجمة . * بش نعرفو",Languages & Translation
اعطيني كلام بديل للكلمة المسطرا: الي _توقعناه,Languages & Translation
اعطيني أسئلة على الوغة R,Technology & Digital Life
نحب كيفاش نعمل تلخيص في اللنكد ان,Personal Development & Life Advice
"اكتب منشور على لينكدإن يعلن إنك قبلت عرض عمل جديد.
الإدخال:","Languages & Translation, Personal Development & Life Advice"
"أعمل قائمة بمهارات محبّذة للمهندسين البرمجيين باش يضيفوها في لينكدإن.
الإدخال:",Personal Development & Life Advice
" باش يتسألك هالسؤال في لينكدإن سكيل أسسمنتس:

إنبوت: إنت تكتشف اللي البروجّي متاعك فيه تاغ وفرع نفس الاسم بوش-نوتيفيكايشنز، والشي هاذا يسبب لخبطة كي تحاول تطبع المرجع المعيّن. كيفاش تنجم تحدّد الفرع اللي تحب تشوفه؟",Other
"خوذ عنوان المنتج واستخرج الخصائص متاعه. الخصائص في الحالة هاذي تشير للمواصفات متاع المنتجات كيما الماركة واللون. لازم تكون إجابتك قائمة تتبع الصيغة: ""الخاصية: القيمة"".
الإدخال: SAMSUNG 980 PRO SSD 2TB PCIe NVMe Gen 4 Gaming M.2 Internal Solid State Hard Drive Memory Card, Maximum Speed, Thermal Control, MZ-V8P2T0B",Technology & Digital Life
"يلزمك تكتب وصف منتج يقنع المشتري اللي المنتج مفيد.
الإدخال:  لعبة فليب سلايد ، لعبة إلكترونية محمولة | قلب، زلق، وطابق الألوان باش تتغلب على الوقت - 4 أوضاع لعب - متعة جماعية.",Technology & Digital Life
"شنية المنتجات الأخرى على أمازون اللي تنجم تهم شخص زار المنتج هذا؟
الإدخال: زيرول زيرولون هاردكوت أناودايد اشهار آيس كريم سكوب بمقبض مملوء بسائل فريد ناقل للحرارة، إطلاق سهل، مصنوع في الولايات المتحدة، بسعة واحد فاصل خمسة أونس، لون أسود.",Money & Finance
"قارن العنصر المعطى مع منتجات مشابهة بناءً على خصائصه كيما السعر، التقييم، إلخ. بش تقارن بين المنتجات، استعمل جدول وافصل الأعمدة بعلامة ""|"".
الإدخال:أقلام آي بايام للمفكّرة والتخطيط، أقلام ملوّنة، ماركرز برأس دقيق، أقلام رسم برأس دقيق، قلم فاينلاينر مسامي للتدوين والكتابة وتدوين الملاحظات والتقويم والتلوين والفن والمكتب ولوازم العودة للمدرسة، ١٨ لون.",Languages & Translation
"اكتب مراجعة و تبع المعلومات المعطاة.
الإدخال:
- المنتج: برسيل ديسكس لاندرِي ديترجنت باكس، الرائحة الأصلية، متوافق مع الغسالات عالية الكفاءة (HE)، صابون للغسيل، 62 قرص
- الاحساس: إيجابي",Languages & Translation
"اكتب وصف قصير للفيلم أو المسلسل المعطى.
الإدخال: ""ذا ويتشر (2019)""",Culture & Entertainment
"فكّر في شوية مسلسلات وأفلام اللي تنجم تكون ممتعة لشخص عجبو ""سكويد غايم"".
الإدخال: ""سكويد غايم""",Culture & Entertainment
"عطي أمثلة على برامج وأفلام معروفة في الصنف المعطى.
الإدخال: الصنف: ""برامج الجريمة التلفزية""",Culture & Entertainment
"في شنوّة الاصناف يندرج الفيلم أو السلسلة المعطاة؟
الإدخال: ""مانيفست""",Culture & Entertainment
"عطي وصف وجيز للنوعية هذي من الأفلام والمسلسلات.
الإدخال: ""درامات الفترة الزمنية"" ",Culture & Entertainment
"عطينا مثال كيفاش نعمل جدول محتويات  يتكوّن آليًا في مستند لاتيك. تاكّد إنّ المثال فيه الأوامر اللازمة.
الإدخال:",Technology & Digital Life
"تخيّل إنك تملك تدوين FEN للوحة شطرنج. كيفاش تنجم ترسم لوحة تبيّن الحالة هذي للوحة الشطرنج في LaTeX؟ حضّر كود LaTeX يضمّ كل الأوامر والحِزَم الضرورية.
الإدخال:





",Technology & Digital Life
"شنوّا هو الناتج متاع كود الـLaTeX المعطى؟
الإدخال:
\documentclass{article}
\begin{document}
First document. This is a simple example, with no extra parameters or packages included.
\end{document}",Technology & Digital Life
"لوج على شوية قوالب لاتيك مناسبة للمهمة المطلوبة وارفق الروابط ليها.
الإدخال: ""واجب منزلي""",Technology & Digital Life
"اكتب دليل بسيط باش ترفع قاعدة البيانات الببليوغرافية عالـOverleaf.
الإدخال:",Technology & Digital Life
"اختار بلايليست في سبوتيفاي تناسب الحالة المزاجية المعطاة، وعطينا رابطها.
الإدخال: ""حاسس بروحي بخير""",Culture & Entertainment
"كوّن بلايليست سبوتيفاي على حسب الجو، وانشرها كيما ليستة اغاني.
الإدخال: ""الجو: نبرمج في الويكاند""",Culture & Entertainment
"كيفاش توصف معنى هالكلمات؟ وضّح بعض الاستعارات الموجودة فيها.
الإدخال:حبي عندو حسّ الفكاهة
هي الضحكة في جنازة
تعرف رفض الناس الكل
كان لازم نعبدها من قبل",Languages & Translation
اقترحلي متب تتسمع ل عباد يسمعوهم اول مرا. اجلبهم و اختار اشهر وحيد. ادخال:,Culture & Entertainment
اعمل ليستا متع اشهر بودكاستوات,Culture & Entertainment
"يلزمك تاخذ وقتك باش تقرأ الوضعية والمشكل مليح وتعطي أحسن نصيحة تنجم.
الإدخال:
أنا قاعد نعمل رحلة بالسيارة في نيوزيلاندا مع صاحب، وهو بصراحة قاعد يجيبلي الصداع. ما عجبوش حتى تور من اللي عملناهم وما يحبش يحكي في حتى موضوع. دخلنا في الأسبوع الأوّل من رحلتنا وهاذي أهدأ مرّة نحس روحي فيها كي نكون مع شخص آخر، خاتر هو يصدّ كل محاولاتي في الكلام. يلبس الأيربودز في الكرهبة وفي مكان الإقامة – مش إني ما زلت نحاول نحكي معاه. الصراحة هو ناشر طاقة سلبية في كل شيء وقاعد يخرّبلي الرحلة.

ما عنا حتى حجز للجزيرة الجنوبية، لذلك قررت نفكّر نخلّيه في ويلينغتون عند الفيري. بالك نحجز كرهبة وحدي في بيكتن ونرتاح وحدي في باقي الرحلة. (مجرد التفكير في هالحاجة يجيبلي إحساس كبير بالراحة، لدرجة نحس بروحي نتأثّر. باش نخلّص اللي يلزم باش نبعد عليه.)

طبيعي كان نقوله إنه قاعد يفسّد رحلتي بطاقته السلبية ما هوش أحسن طريقة نتعامل بها مع الموقف. عندكم أي نصيحة بخصوص الطريقة الأنسب باش نعمل انفصال ودي؟ ولا على الأقل نتجنّب عركة كبيرة تجرّحنا وتخلّينا على عداوة؟",Personal Development & Life Advice
"بش نعطيك وصف فيه مجموعة من الحقائق أو السيناريوات، وعليك إنك تخلق قصة مبنية عليها. القطع الناقصة لازم تملاها بإضافات خيالية تكون منطقية في نفس الوقت.
الإدخال: عشرة فرق كورة قدم أوروبية – هولندا، إنجلترا، بلجيكا، الدنمارك، فرنسا، ألمانيا، النرويج، السويد، سويسرا، وويلز – بش يشاركوا في حملة “OneLove” طيلة الموسم للتشجيع على الدمج ومناهضة التمييز.",Culture & Entertainment
"بناء عالتساؤل المعطى، اقترح شوية كلمات بحث مشابهة.
الإدخال: ""تعلم اللغة الفرنسية""",Languages & Translation
"اقترح شوية أوراق بحثية على حسب مصطلحات البحث اللي عطيتهم. اكتب أسامي الأوراق.
الإدخال: ""الموضوع: قانون التحجيم + تعلم الآلة""
",Education & Studying
"حضر قالب توقيع للإيميل للشخص أو الشركة المعطاة.
الإدخال: ""طالب دراسات عليا في علوم الكمبيوتر""",Education & Studying
"تفاعل بالطريقة المناسبة مع تقييمات حرفاك. في ردودك، تنجم توضّح سياسات مشروعك وخدمات الحرفاء.
الإدخال:
مرّة أخرى رجعنا وما خيّبناش الظن. مكان رائع للإفطار أو البرنش – وما يلزمش تاكل حاجة أخرى لوقت طويل بعدو. المطعم قريب من منطقة تندرلوين، يعني لازم تبقى منتبه للّي يصير حواليك. جرّبنا الأومليت بالسوكوتاش (على الأقل مرتي عجبها برشا)، البينيديكت بالبورك المسحوب والهانغتاون فراي . الكميات كبيرة والأسعار معقولة. كنت نتمنّى لو نقدر نجرّب الـBeignet Flight! أكيد مكان يستاهل باش تمشي لو. أحيانًا يكون زحمة شوية، خلي عندك صبر. أي انتظار يستاهل.",Legal & Administrative
"اكتب بايو تويتر جيّد. حاول تغطي كل النقاط الأساسية اللي قُدِّمِت في البايو 
الإدخال:
الاسم: جين
النقاط الرئيسية:
- مهندسة معمارية
- مهتمّة بالتكنولوجيا
مكتوب بضمير المتكلّم
بنبرة عفويّة",Social & Romantic Relationships
"يلزمنا نكتبو تغريدة على موضوع معيّن باش نشاركو أخبار الشركة وحقايق عنها. بللهي اقرا الحقايق والتفاصيل المعطاة مليح وبعد حضّر تغريدة مبنية عليهم.
الإدخال:
- الخبر: الطلبات للتربص الصيفي مفتوحة توّة
- ابدأ بربط الموضوع مع هالوين",Social & Romantic Relationships
"وصف الوظيفة ( هو وثيقة توضّح بوضوح المتطلّبات، المهام، المسؤوليات، والمهارات اللازمة للقيام بدور معيّن. يلزمك تكتب وصف وظيفة بالاعتماد على المعلومات المعطاة. لازم ترتّب المسؤوليات والمهام في ترتيب منطقي. تذكّر إنو الموظفين المحتملين ياخذو أول انطباع على شركتك من وصف الوظيفة، يعني لازم وصف الوظيفة يبيّن جاذبية شركتك.
الإدخال:
الشركة:اسم الشركة

الوظيفة: مهندس برمجيات 

المسؤوليات الوظيفية:

استلام وتنفيذ مراجعات الكود مع مهندسين آخرين.
كتابة اختبارات وحدة ، اندماج ، ومن البداية للنهاية  للتأكّد من الوظائف باستعمال أُطر الاختبارات التلقائية كيما Pytest.
التعاون مع زملاء مهندسي البرمجيات لتطوير الخصائص اللي يطلبوها أصحاب المصلحة في الشركة .
المشاركة في فرق أجايل لتطوير، واختبار، وتتبع وإصلاح أنظمة معالجة بيانات معقّدة وتطبيقات تحليل البيانات باستعمال أنظمة المعالجة الكبرى كيما Apache Spark.
تشخيص الأخطاء وإصلاحها والقيام بتحليل السبب الجذري  للأعطاب والعيوب.
المهارات والخبرة اللي تلزم للنجاح:

خبرة في لغة برمجة حديثة. نستعمل بايثون وPySpark بكثرة.
خبرة في أنظمة الكلاود كيما AWS ولا Azure
خبرة في كتابة استعلامات SQL
مهارات اتصال كتابية وشفاهية قوية
حبّ للعمل في بيئة تعاونية عالية
بعض الخبرة في التصوّر البياني  كيما Tableau ولا PowerBI ينجم يعاون",Technology & Digital Life
"بالنظر للسبب اللي يخلّي الرفض، اكتب رسالة رفض مهذّبة باش تبلّغ مرشّح إنو ما تمّش اختياره.
الإدخال:
السبب: جيت في المرتبة الثانية","Social & Romantic Relationships, Society & Current Affairs"
"قرّرنا العنوان والموضوع لمقالة المدونة متاعنا. نحبّك تكتب فقرة مقدّمة تشدّ بها انتباه القرّاء.
الإدخال:
عنوان المدونة: Healthy Apple Muffins
موضوع المدونة: وصفة ونصايح باش تطبخ مافن تفاح صحّي وبنين",Technology & Digital Life
"صمّم مخطّط لمقالة مدوّنة بالاعتماد على المعلومات المعطاة، ورتّب الأقسام كيف ما يلزم.
الإدخال:
التدوينة هاذي باش تكون على كيفية إعداد قائمة أفكار هدايا في آخر لحظة. الأسلوب باش يكون مريح وعفوي.",Other
"اكتب قسم لموضوع مدوّنة وحاول تغطّي كل المعلومات المعطاة على هالقسم في نصّك.
الإدخال:
موضوع المدونة: 7 صيحات موضة خريفية تستاهل تاخذهم معاك في سفرتك
عنوان القسم: الجينز الموثوق
النقطة الرئيسية: الجينز ينجم يتلبس طول العام ويبان حلو مع أي حاجة",Other
"كوّن تعليق مفصّل لمشاركة على انستغرام بخصوص تخفيض. التعليق لازم يفسّر المنتج، يقدّم التخفيض، ويبيّن للمستخدم كيفاش يستفيد منو.
الإدخال:
المنتج: دورة Golang
وصف المنتج: تعليم المهارات الأساسية لبناء خدمات سحابية، وتطبيقات ويب، وأدوات DevOps، وتطوير الباكاند
التخفيض: 50%
كيف تستفيد: استعمل كود الكوبون: GOLANG",Technology & Digital Life
"اعمل تعليق جذاب على انستغرام بالاعتماد على التفاصيل المعطاة. حاول تفكّر في برشا تعليقات ممكنة.
الإدخال:
أنا نشارك صور أوّل ثلج في السنة مصوّرة من شباك في المكتب",Social & Romantic Relationships
"عندك موضوع لمنشور انستغرام. عاون المنشور باش يوصّل لأكبر عدد ممكن من الناس باقتراح هاشتاقات عندها علاقة بالموضوع.
الإدخال:
حلقة أخرى من سلسلة ""النساء في العلم"" خرجت توّة
",Social & Romantic Relationships
"استعمل إيموجيز مناسبة باش تعبّر على المعنى في النص المعطى.
الإدخال:
قطوسة ظريفة تلعب ناعمة",Greetings & Small Talk
"فمّا موضوع بوست يوتيوب ، وبناءً عالمعلومات، يلزمك تكتب مقدّمة  تبدأ بيها الفيديو. مقدّمة جذّابة تخلي الناس مهتمّين ويتابعو للآخر. حبّذا لو تجيب أكثر من مقدّمة.
الإدخال:
فيديو يوري كيفاش تعمل فنجان قهوة بنين","Food & Cooking, Social & Romantic Relationships"
"باستعمال الموضوع المعطى كنقطة بداية، اقترح أفكار لفيديوهات تنجّم تعملها على يوتيوب.
الإدخال:
بالرغم اللي التسويف يخلّيك تحسّ بشعور سيّئ، علاش تعمل فيه؟",Culture & Entertainment
"يلزمك تختار عنوان لفيديو على يوتيوب بناءً على المحتوى متاعه. عنوان الفيديو يوضّح للمشاهدين شنو يتوقعو. لازم يكون واضح وجذّاب. ما تستعملش عنوان مبهم.
الإدخال:
تعملت دراسة بحثية باش نعرفو إذا الرياضة فعلاً تنجّم ""تعزّز"" عملية الهضم ولا لا","Social & Romantic Relationships, Culture & Entertainment"
"اختيار اسم لقناة يوتيوب لمنتوجك ولا لخدمتك حاجة مهمّة. بالاعتماد عالوصف، لازمك تخرج أفكار أسماء تشدّ الانتباه. خذ وقتك وفكّر مليح.
الإدخال:
هنا باش تلقى فيديوهات ومحتوى يساعد الطلبة يحضّروا عملية التقديم لجامعات الدراسات العليا وكيفاش يقدّمو عليها
",Culture & Entertainment
"لقى الإجابة اللي أحسن توصف الكلمة المأكّد عليها في جملة الـSAT، واختار الخيار الصحيح وفسّر معنى الكلمة.
الإدخال:
بالرغم من ال_cacophony، الطالب حاول يقرا.
A. أصوات عالية
B. موضوع صعيب
C. ساعة متأخرة
D. إضاءة خافتة",Languages & Translation
"لقى مرادفات للكلمة المعطاة. لازمك تبيّن كيفاش تختلف المرادفات على الكلمة الأصلية في المعنى والاستعمال إلخ.
الإدخال:
adversity",Languages & Translation
"احكي على أصول كلمة وتاريخها اللي معطاتلك.
الإدخال:
oblique",Culture & Entertainment
"اعطي للعلامة التجارية اللي قدّموها شعار تسويقي تقدر تستعملو في استراتيجيات التسويق متاعها.
الإدخال:
محل الآيس كريم محل صغير وكيُوت في قلب المنطقة التاريخية. يقدّم نكهات مختلفة من الآيس كريم، زادا آيس إيطالي، جيلاتو، وسوربيه. عندهم كمشة طاولات وكراسي، أمّا أغلب الحرفاء ياخذو تيك أواي. عندهم برنامج ولاء وين تقدّر تاخذ سكوب آيس كريم مجانا بعد 10 مشتريات.",Society & Current Affairs
"يلزمك تكتب إيميل تأكيد بطريقة مناسبة للموقف.
الإدخال:
حددنا موعد اجتماع، والشخص اللي بعث الرسالة يستنى في لاخر يراجع الصفحات.","Social & Romantic Relationships, Society & Current Affairs"
"يلزمك تكتب إيميل باش تفاوض بيه على الشهرية متاعك.
الإدخال:",Society & Current Affairs
"اكتب إيميل للحاضرين كتنبيه إنو الحدث قرب يجي.
الإدخال:

","Social & Romantic Relationships, Society & Current Affairs"
"ينجم يعاون برشة لو تقترح اختصار للمخزن.
الإدخال: إطار عمل بايثون باش تعمل، تعدّل، وتستدعي الدواير الكوانتية (نوازي إنترميديات سكيل كوانتوم - ن آي إس كيو).",Languages & Translation
"اكتب دليل خطوة بخطوة باش تحلّ كونفليكت دمج في جيتهاب.
الإدخال:","Technology & Digital Life, Personal Development & Life Advice"
"عمل واحد ولا أكثر ينجم يتنفّذ آليًّا بخاصّية الوورك فلو (Workflow). الوورك فلوهات هذي تتعرّف في الريبو بملفّات واي أم أل (YAML) وتنجم تمشي كي يصير إيفنت في الريبو، وزادة يدويا، ولا في وقت معيّن بجدولة. هات مثال على وورك فلو يبيّن خصائص السي آي/سي دي (CI/CD) متاع جيتهاب أكشنز.
الإدخال:","Personal Development & Life Advice, Technology & Digital Life"
"التاغلاين متاع الفيلم هو الشعار الإعلاني، عادةً ينطبع على الأفيشات قبل الإصدار الرسمي. هو وصف قصير ولا تعليق على الفيلم باش يلمّ جوهره، وفي الأخير يجعلك تحب تفرجو. هذي مثال:
الإدخال: الفيلم: جوكر (2019)",Culture & Entertainment
"عندك شوية تقييمات (ريفيوز) لفيلم. كل فيديو ربّما ذكر نقاط سلبيّة ولا إيجابيّة على الفيلم. إقراهم مليح وطلّع النقاط الإيجابية والسلبيّة الكل اللي تذكرت في التقييمات. بعدين، اعمل قائمة بالنقاط هذي وخصّصهم كـ Positive Points وNegative Points.
الإدخال:

ريفيو ١: مش متأكّد إذا المشكلة فقط في إنو إيد نورتون يزعجني برشة في الفيلم، أمّا عمري ما صدّقت فكرة فايت كلوب كظاهرة ثقافية منوّعة. إي نعم القصّة مبتكرة، مع نصّ قويّ، شخصيات مشوّقة، وتصوير سينمائي مكثّف. أمّا هل يستحق كل هالمديح؟ بالنسبة ليا يبدأ يهبط مستوى الفيلم في النصّ الثاني ويولي ممل في آخره. كل شي يولي شوية طفولي ومفتعل كيف القصة تبعد عالأساسيات متاعها وتدخل في جوّ الغضب ضد النظام. نحترم برشة طريقة صنع الفيلم هذي، لكن كيما الماتريكس نحس الناس تعطي أهمية أكبر مما يستحق.
ريفيو ٢: الفيلم يحكي حكاية رجال ما نجموش يتأقلمو مع النظام الاجتماعي في عالم اليوم، تحت قيادة تايلر ديردن، باش يكتشفو الغريزة الطبيعية والرجولية ويهربو من حياتهم الكئيبة.
ريفيو ٣: رغم إنو الثيم باهي، والتمثيل ممتاز والرسائل المهمة اللي يوصلها الفيلم بطريقة غريبة، أنا نشوفو ما ينجّمش يربط الجمهور مع القصة ويخلّيه في عالم من الحيرة. رغم إنو أكثر التقييمات تشوف الفيلم مسلّي ومثير للاهتمام، أما أنا نختار نكون من الأقليّة اللي تشوفو الفيلم مبالغ فيه برشة.
ريفيو ٤: هل خلق الفوضى، التفجيرات، والانضمام لجماعة متشددة هو الحلّ للتخلّص من القيود المادية؟! المؤثرات البصرية مبهرة والقصة مشدودة حتى للنصف الثاني. للأسف، النهاية ماهيش مليحة.",Culture & Entertainment
"اعطي ملخّص وجيز على حكاية الفيلم ولا السلسلة.
الإدخال: بريكينغ باد (مسلسل تلفزي  2008–2013)",Culture & Entertainment
"قرّر إذا الأولاد ينجموا يتفرّجو الفيلم هذا ولا لا. اذكر شنو اللي يخليه غير مناسب إذا تشوف إنهم ما لازمش يشوفوه.
الإدخال: ذي دارك نايت (2008)","Personal Development & Life Advice, Culture & Entertainment"
"اكتب تحليل قصير عالتصوير السينمائي في الفيلم.
الإدخال: ديد بووتس سوسايتي",Languages & Translation
"قولي رأيك في المكان المعطى وعلش تشوف إنو يستاهل الزيارة.
الإدخال: برشلونة، إسبانيا","Personal Development & Life Advice, Travel & Immigration"
"فكّر في أحسن وقت في العام باش تزور المدينة المعنيّة، وفسّر علش اخترت الوقت ذاك.
الإدخال: سيدني، أستراليا","Personal Development & Life Advice, Travel & Immigration"
"اعمل استبيان يساعد ضيوف النزل يكتبو تقييمات على النزل.
الإدخال:",Other
"اعمل قائمة بأهم الأماكن في أمريكا ينجم الواحد يزورها في الوقت المعطى.
الإدخال: نوفمبر",Travel & Immigration
"سمّي أهم المدن في فرنسا اللي ما يلزمش تفوّتها، واذكر أحسن الحاجات في كل بلاصة.
الإدخال:",Travel & Immigration
"جاوب على السؤال التالي بالاعتماد على المعلومة الموفّرة.
الإدخال: كيفاش نقارن سترينغ في جافا؟ أنا مستعمل == في البرنامح متاعي باش نقارن السترينغات الكل، أمّا طلعلي غلطة، ومن بعد بدلت واحدة منهم بـ .equals() وتصلح العطب. هل == حاجة خايبة؟ وقتاش نستعملها ووقتاش لا؟ شنيا الفرق؟",Technology & Digital Life
"عندك سؤال وجاوبين محتملين. المهم إنك تقيم كل جواب وتشوف إذا صحيح ولا لا. لو كان غالط فسّر علاش.
الإدخال:
هل فمّا طريقة باش نقرا حرف واحد فقط من إدخال المستخدم؟ يعني هو يضغط كليد وحدة في التيرمينال وترجع (كيف getch()). نعرف فما فانكشن في ويندوز تعمل هكا، أما نحب حاجة تخدم على كل الأنظمة.

الجواب 1: هذي رابط لموقع أكتيف ستايت ريسيبيز يوري كيفاش تقرا حرف واحد في ويندوز، لينُكس وماك أو إس: 
رابطأكتيفستايت
رابطأكتيفستايت
الجواب 2: كي تحب كان توقف الشاشة باش تشوف النتيجة في التيرمينال، اكتب input() في آخر الكود وهو باش يوقف الشاشة","Technology & Digital Life, Personal Development & Life Advice"
"عندك سؤالين. شوف إذا كانوا مكرّرين.
الإدخال:
سؤال1: نحاول نفهم ميزات الملتيبروسيسينغ (المعالجة المتعدّدة) مقارنة بالثريدينغ. نعرف إنو الملتيبروسيسينغ تتجاوز الجلوبال إنترpreter لوك، أما شنو الميزات الأخرى؟ وهل الثريدينغ ما ينجمش يعمل نفس الحاجة؟
سؤال2: قاعد نتعلّم كيف نستعمل الموديولات threading وmultiprocessing في بايثون باش نشغّل شوية عمليات بالتوازي ونسرّع الكود. نلقاها صعيبة (يمكن خاطر ما عنديش خلفية نظرية) باش نفهم الفرق بين كائن threading.Thread() وكائن multiprocessing.Process() زادة، مش فاهم بالضبط كيفاش نعمل طابور مهام (queue of jobs) ونخلّي كان ٤ منهم (مثلا) يخدمو بالتوازي، والباقي يستنّى الموارد تفضى قبل ما يتنفّذ. نلقى الأمثلة في الدوكيومنتيشن واضحة، أما ماهيش وافية برشة؛ أول ما نحاول نعقّد الموضوع شوية نلقى برشة أخطاء غريبة (كيما ميثود ما ينجمش يتعملّو pickle). أذن، وقتاش نستعمل threading وmultiprocessing؟ تنجم تعطيني روابط توضح المفاهيم هذي وكيفاش نستعملهم مظبوط في المهام المعقّدة؟",Technology & Digital Life
"صمّم مشكل برمجي (برمجة) عندو علاقة بالموضوع المعطى ليك. استعمل أمثلة وشروط باش تحسّن السؤال.
الإدخال: Dynamic Programming",Technology & Digital Life
"قدّم حل بجافا للمشكل التالي.
الإدخال:
عندك عدد صحيح n، لازم ترجّع true لو هو قوّة للعدد ثلاثة. وإلا false لو موش قوّة ثلاثة. العدد الصحيح n هو قوّة ثلاثة كان فما عدد x صحيح بحيث n = 3^x.
مثال١: in: n = 27 out: true التفسير: 27 = 3^3
مثال٢: in: n = 0 out: false التفسير: مافماش x بحيث 3^x = 0
مثال٣: in: n = -1 out: false التفسير: مافماش x بحيث 3^x = -1
الحدود: -٢٣١ <= n <= ٢٣١ - ١
متابعة: تنجم تحلّها بلا حلقات / ركورسيون؟",Education & Studying
"فكّر في المواضيع الأكثر انتشار في أسئلة الانترفيو الكلاسيكية لخدمة في مجال علوم الكمبيوتر.
الإدخال:",Technology & Digital Life
"يلزمك ترشد الشخص هذا في السيناريو اللي حكاه على الانترفيو.
الإدخال:
أخيرا! بعد مدة من التخمين العشوائي والمحاولات بالغصب في الأمثلة على السبورة، طلعت بفكرة خوارزمية تحل سؤال الكود اللي عطاهولي الم interviewer. ياه، ريّحت كي لقيت طريق واضح. ما عادش نتهاوى. توّة قاعد نبرمج في الحل، وفجأة، الinterviewer يرميلك سؤال غير متوقّع: ""أما لو فكّرنا في المشكل بالطريقة هذي؟"" تحسّ بالتوتّر اللي كلّنا حسّينا بيه في الانترفيو: ""حاول تسمعو وتفهمو، وما تضيّعش خيط أفكارك... أوف، ما نجمش نعمل الزوز!""",Personal Development & Life Advice
"عندك مشكل برمجي وتنفيذ متاعو. حلّل المشكل والتنفيذ وفسّر الخوارزمية والطريقة اللي استعملناها باش نحلّو.
الإدخال:
عنا جدول Person فيه:
| personId | int |
| lastName | varchar |
| firstName | varchar |

personId هو المفتاح الأساسي. فيه معلومات عالهوية (ID) متاع الأشخاص وأسمائهم.
وجدول Address فيه:
| addressId | int |
| personId | int |
| city | varchar|
| state | varchar |

addressId هو المفتاح الأساسي. كل سطر فيه معلومات عالمدينة والولاية لشخص عندو ID معيّن.
اكتب استعلام إس كيو إل (SQL) باش ترجع first name، last name، city، وstate لكل شخص في جدول Person. إذا العنوان (address) لشخص معيّن مش موجود في جدول Address رجّع null مكانو. رجّع النتيجة بأي ترتيب.
التنفيذ:
سيلكت فيرست نايم، لاست نايم، سيتي، ستيت فروم بيرسن ليفت جوين آدرس أون بيرسن.بيرسن آي دي = آدرس.بيرسن آي دي",Technology & Digital Life
"المقال المعطى يلزمنا نراجعو من الناحية العلمية ونصلحو الغلط كان فما.
الإدخال:
الزنك هو معدن ضروري للصحة. يشارك في برشة عمليات بيوكيميائية في الجسم ولازم لوظيفة سليمة لجهاز المناعة. الزنك الزايد ما هوش مضرّ خاطر يتطرّد في البول.",Education & Studying
"لخّص المقال اللي عطيتهولك بطريقة مختصرة.
الإدخال:
الرياضيات والفن مرتبطين بطرق متعدّدة. توصّفو الرياضيات في حد ذاتها كفن يستند للجمال. وتنجم تلاحظ الرياضيات في فنون كيما الموسيقى، الرقص، الرسم، الهندسة المعمارية، النحت، والمنسوجات. أما المقال هذا يركّز خاصة عالرياضيات في الفنون البصرية. العلاقة بين الرياضيات والفن قديمة. الفنّانين استعملو الرياضيات من القرن الرابع قبل الميلاد كي النحات الإغريقي بوليكليتوس كتب ""كانون"" اللي يبدو استند لنسبة ١ إلى جذر ٢. فمّا ادعاءات مشهورة على استعمال النسبة الذهبية في فن ومعمار قديم من غير أدلّة قوية. في عصر النهضة الإيطالية، لوكا باتشولي كتب كتاب مؤثّر ""دي ديفينا بروبورسيوني"" (١٥٠٩)، برسومات ليناردو دافينشي عن النسبة الذهبية في الفن. رسّام إيطالي آخر بيرو ديلا فرانشيسكا طوّر أفكار إقليدس عالمنظور في كتب كيما ""دي بروسبيكتيفا بينجيندي"" وفي رسوماتو. النقّاش آلبرخت دورر عمل إشارات كثيرة للرياضيات في عملو ""ميلنكوليا ١"". في العصر الحديث، الفنان إم سي إيشر استعمل التبليط (التسيلّح) والهندسة الزائدية بشكل مكثّف بمعاونة عالم الرياضيات كوكسيتر، فيما حركة دي ستايل اللي يقودها ثيو فان دوسبرغ وبيت موندريان تبنّت الأشكال الهندسية علنا. الرياضيات ألهمت فنون النسيج كيما الكويلتينغ، الحياكة، الكروشيه، التطريز، النسيج، والسجاد التركي وغيره، وحتى الكليم. في الفن الإسلامي، التناظرات نشوفوها في أشكال متنوّعة كيما القيريح الفارسي والزليج المغربي، شاشات الحجر المثقوبة (جالي) في عمارة المغول، والقباب والزخارف المقرنصة المنتشرة.",Languages & Translation
"حسّن المقال بالاعتماد عاللي تعرفو ع الموضوع، باش يولي أكثر ثراء بالمعلومات.
الإدخال:
حركة ""التجارة العادلة""، زادا معروفة باسم ""عدالة التجارة""، تشجّع استعمال معايير العمل والبيئة والمعايير الاجتماعية في إنتاج السلع، خاصة المصدّرة من العالم الثالث والثاني للعالم الأول. الأفكار هذي أثارت نقاش على إذا التجارة نفسها يلزمها تكون مصنّفة كحق من حقوق الإنسان.",Languages & Translation
"خلّي المقال متوفر بلغة ثانية عبر ترجمته ليها.
الإدخال:
طبّ الأسنان، المعروف زادة باسم طب الفم وطب الأسنان، هو فرع من فروع الطب يركّز عالسنّة واللّثة والفم. يتكوّن من دراسة وتشخيص ومنع وتصرّف ومعالجة الأمراض والاضطرابات والحالات المتعلّقة بالفم، وعادة يركّز على الأسنان (نموّ الأسنان وترتيبها) وزادة الغشاء المخاطي للفم. طبّ الأسنان يلمّ زادة جوانب أخرى من منطقة الوجه والفكين بما في ذلك المفصل الفكي الصدغي. الطبيب في هالمجال يسمّوه طبيب أسنان.
ترجم للفرنسية:",Languages & Translation
"لازمنا نقوّم جودة المقال. باش نعمل هالشي، نراجع جودة الكتابة وتفسير الموضوع.
الإدخال:
القرن العشرين شهد ثورة في الاستماع للموسيقى مع انتشار الراديو عالميا وتطوّر وسائط وتكنولوجيا جديدة لتسجيل، تعديل وتوزيع الموسيقى. العروض الموسيقية ولات أكثر بصرية مع البث وتسجيل العروض. موسيقى القرن العشرين جابت حرية جديدة وتجارب واسعة مع ستايلات وأشكال موسيقية جديدة تحدّت القواعد المقبولة للموسيقى في الفترات السابقة. اختراع التكبير الموسيقي والآلات الإلكترونية، خاصة السينثسيزر، في وسط القرن العشرين ثوّر الموسيقى الكلاسيكية والشعبية، وسرّع تطوير أنماط جديدة في الموسيقى.",Languages & Translation
"جاوب عالسؤال التالي بالاعتماد على المعلومات في المقال.
الإدخال:
دراسات التنمية هي فرع متعدد الاختصاصات من العلوم الاجتماعية. تتقدّم دراسات التنمية كماجستير متخصص في برشة جامعات عالمية مرموقة. زادت شهرتها كمادة دراسة من بداية التسعينات، وتتدرّس وتنعمل عليها أبحاث بالأساس في البلدان النامية والبلدان اللي عندها تاريخ استعماري، كيما بريطانيا وين تولدت هالتخصّص. طلبة دراسات التنمية في العادة يختارو يخدمو في منظمات دولية كيما الأمم المتحدة والبنك العالمي، منظمات غير حكومية، مؤسسات الإعلام والصحافة، شركات استشارات التنمية في القطاع الخاص، هيئات المسؤولية الاجتماعية للمؤسسات (CSR)، ومراكز البحث. شنيا بعض المسارات المهنية المشهورة لطلبة دراسات التنمية؟
","Education & Studying, Languages & Translation"
"صمّم منهج (سيلابس) للكورس المعطى. الطلبة يلزمهم ياخدو قائمة الفصول مع شرح موجز لغرض كل فصل.
الإدخال:
البرمجة للجميع(البداية في البايثن)",Education & Studying
"اعمل قائمة بالصفات الشخصية اللازمة باش تنجح في الوظيفة المعطاة.
الإدخال: سوشيال ميديا ماركتر",Social & Romantic Relationships
"رجاءً اعمل قائمة كورسات ينجم يعجبو شخص مهتم بالكورس الأول.
الإدخال: Bitcoin and Cryptocurrency Technologies",Education & Studying
"فكّر في الكورسات اللي لازم ياخدها الواحد باش يولي خبير في المجال المذكور.
الإدخال: Graphic Design",Society & Current Affairs
"اعمل جدول يومي بالاعتماد على المعلومات اللي عطيتولك.
الإدخال: عايلتنا تحب تعمل رحلة ٩ أيام في المغرب بنشاطات خفيفة لمتوسطة.",Personal Development & Life Advice
"اعطي نصايح للطلبة كيفاش يسيطرو على الأعصاب متاعهم وقت العروض الشفاهية في القسم.
الإدخال:",Personal Development & Life Advice
"تنجم بسهولة تجعل العطلة متاعك أكثر مراعاة للبيئة باتباع الخطوات البسيطة هذي:
الإدخال:",Personal Development & Life Advice
"فكّر في فكرة تعاونك تربح التحدّي اللي اعطوهولك. اكتب الخطوات اللي يلزمك تاخذها باش تطوّر الفكرة هذي زادا.
الإدخال:
شنو تنجم تعمل بإعادة تدوير واستعمال بعض المواد القديمة اللي قبل؟ نحبّو نشوفوها! المشاريع لازم تتضمن نوع من المواد المستعملة – خذ الحاجة القديمة هذي وبدّلها الحاجة جديدة ومختلفة! النفايات الإلكترونية مشكلة كبيرة. شنو تنجم تعمل باستعمال أجهزة إلكترونية قديمة ومواد إلكترونية قابلة للاسترجاع؟ عنا جايزة خاصة من الحكام لأحسن مشروع فيه إعادة استعمال للنفايات الإلكترونية. كون ذكي وكون حذر؛ المشاريع اللي تنجّم تقتل كيما ليتشنبرغ (حرق الخشب بالخيوط المتفرّعة) ما تتقبلش ولا تتنشر.",Personal Development & Life Advice
"فمّا برشة مشاريع إبداعية نجمو نبنيوها في الدار مرتبطة بالموضوع اللي عطيتولك، خلينا نعمل قائمة ببعضها.
الإدخال:
الموضوع: الدوائر ","Personal Development & Life Advice, Technology & Digital Life"
"أعمل قائمة بالمواد اللي باش تحتاجها باش تصنع الأداة المعطاة.
الإدخال: ميترو يقيس كحل القهوة","Personal Development & Life Advice, Technology & Digital Life"
"أعطِ شرح مفصّل للخطوات اللي لازمة باش تركّب المشروع المعطى.
الإدخال: محرك بخاري بحكة بيرا فارغا","Personal Development & Life Advice, Technology & Digital Life"
"قدّر تكلفة التجهير اللي باش تحتاجها للمشروع وحسب التكلفة الجمليّة.
الإدخال: مبرد ماء منزلي
المواد المطلوبة: صانع ثلج, صندوق ثلج/مبرد, مركح سخانا, ترمبا تع اكواريوم x2, 12V مولد طاقا","Technology & Digital Life, Personal Development & Life Advice"
"أجب على سؤال الأدب التالي بالدقّة حسب معرفتك بأدب تلامذة الثانوي.
الإدخال: شنوا يعني الضو الأخضر في نهاية الكتاب?",Personal Development & Life Advice
"طوّر تمرين ذهني يساعد الناس يتعاملوا مع القلق متاعهم وفسّر كيفاش يشتغل.
الإدخال:",Education & Studying
"عطيني فكرة على التمارين الذهنية اللي تعملهم باش تستلهم نفسك.
الإدخال:
",Education & Studying
"أعمل قائمة بالانشطة الخارجية اللي تصلح لظروف الطقس المعطى.
الإدخال: سخانا: 57 F, تمطر",Education & Studying
"رجاءً عطينا قائمة بأسئلة افتتاحية مفيدة للنقاش مرتبطة بالطقس.
الإدخال:",Greetings & Small Talk
"بالنظر لظروف الطقس المعطاة، عطينا شوية نصايح لكيفاش نعدّلو خطط السفر على ضؤها.
الإدخال: تغير مفاجئ في الحرارا",Personal Development & Life Advice
"اكتب To-Do List بالاعتماد على المعلومة المعطاة.
الإدخال: حاجات تعملهم كل يوم في فرماسي",Personal Development & Life Advice
"صمّم قالب جدول باش نتابعو كل الاشتراكات.
الإدخال:",Other
"خطّط لآجندا للاجتماع اليومي . عطِ وقت محدّد لكل موضوع في اللآجندا.
الإدخال:",Other
"أجب على السؤال التالي.
الإدخال: كيفاش نقول ""مساء الخير"" بالفرنسي",Greetings & Small Talk
"شنوّا الصوت اللي تعملو هذي؟
الإدخال: 好",Languages & Translation
"عطينا نصيحة نحوية حول كيفاه نختم الفعل في اللغة الألمانية.
الإدخال:",Languages & Translation
"هذي اختبار لفهم القراية بالفرنسية. اقرا الحكاية مليح وبعد جاوب السؤال.
الإدخال:
Lucie est à la maison avec sa petite-fille, Lin.
Lucie: Oh, non! Nous n'avons pas de pain!
Lin: Ah! Tu vas au supermarché?
Lucie: Oui, je veux une baguette pour mon sandwich.
؟لين و لوسي عندهم برشا خبز",Languages & Translation
"فكّر في أفكار عشا خفيفة وصحية لأيام وسط الأسبوع.
الإدخال:",Social & Romantic Relationships
"عطينا حيلة في الطبخ باش تحسّن مذاق الأكلة المعطاة.
الإدخال: popcorn",Food & Cooking
"أعمل قائمة لمج وأكلات باش تقدّمهم في حفلة العاب.
الإدخال:",Food & Cooking
"فسّر كيفاش تحضّر الأكلة المعطاة بكلماتك إنت. أذكر المكوّنات والخطوات.
الإدخال: كوكيز بالشكلاطا تتلوك",Food & Cooking
"اقترح وصفة تحلية  نباتية.
الإدخال:

",Food & Cooking
"صمّم لغز سودوكو متوسّط الصعوبة.
الإدخال:",Culture & Entertainment
"حلّ لغز السودوكو المعطى.
الإدخال:
The Sudoku puzzle is: |1| |5| | | | |8| | | | | | | |3| |6|4| |8|3|4|6|7| |9| | | |2|9|1| | |8|3|7|6| | | |6| | |9|8|1| | | | | | | |2| | | | | |2| | |9|7|6| | | |5|4| | | | | |9|8| |6|1| | | |5|4|3|7|",Culture & Entertainment
"فكّر في عبارة تحفيزية قريتها في كتاب. خليك إيجابي وحلو.
الإدخال:
",Education & Studying
"اختار أحسن كتب من النوعية المعطاة.
الإدخال: جريما& غموض",Education & Studying
"عطي وصف مختصر للكتاب اللي عطيتهولك.
الإدخال: Matilda","Culture & Entertainment, Education & Studying"
"لو أعجب الشخص بالكتاب اللي عطيتهولو، اقترح كتب اخرى تنجم تعجبو زادة.
الإدخال: The Great Gatsby",Education & Studying
"اذكر التصنيف اللي ينتميليه الكتاب المعطى.
الإدخال: حب في وقت الكوليرا",Education & Studying
"حلّ المعادلة هذي.
الإدخال: x^3 - 4x^2 + 6x - 24 = 0","Education & Studying, Science and Math"
"برهن العبارة المعطاة بالاعتماد عاللي تعرفو.
الإدخال: ""كان x رقم موجب والا حل لي x+3>4,مالا x>0 and x>12.""","Education & Studying, Science and Math"
"بالاعتماد عالحقائق اللي توفروا، برهن العبارة التالية.
الإدخال:
معلوما: ""لكل رقم k, k^2 + 2k + 1 ≥ 0""
حقيقا: مربع أي عدد حقيقي ماهوش سالب.","Education & Studying, Science and Math"
"تأكد من صحّة العبارة المعطاة.
الإدخال: ""بالنسبة لكل الأعداد الصحيحا j وk، كان j وk فرديين، معناها jk فردي.""","Education & Studying, Science and Math"
"قدّم صيغة تحسب بيها الحدّ رقم n في السلسلة المعطاة.
الإدخال: 5, 14, 23, 32, 41, ...","Education & Studying, Science and Math"
"أعمل جدول يسجّل كل الماتشات اللي تحقق الشرط في الدوري الأمريكي لكرة القدم (NFL). استعمل الإعمدة: فصل, وقت, اللعبة, سكور.
الإدخال: لعبة الريفنز في2011",Social & Romantic Relationships
"باستعمال جدول، قارن المسيرة المهنيّة للّاعبين المعطاة أسماؤهم في الـMLB. استعمل ""|"" لفصل الأعمدة.
الإدخال: ديريك جاتر, البيرت بوجولس",Culture & Entertainment
"بش يمتحنوك في معرفتك بالحكم القصيرة والأقوال المأثورة انتي تكمل الحكمة المعطاة. اكتب الاقتباس الأصلي.
الإدخال: زوز حاجات عندهمش نهايا",Culture & Entertainment
"أعمل قائمة بكل الأفلام اللي توافق المعايير المعطاة.
الإدخال: افلام متع سبايك لي بيوم الاصدار",Culture & Entertainment
"باستعمال المبلغ المعطى، حدّد قيمة الإكرامية المناسبة.
الإدخال: 14% الإكرامية متع  47.50 دينار",Society & Current Affairs
"حدّد كل الكلمات اللي تتماشى مع النموذج المعطى.
الإدخال: H_AR_",Other
"أوجد كلمات تتسجّم (تتوافق في القافية) مع الكلمة المعطاة.
الإدخال: إرشاد

",Other
"لوج على قصائد تذكر الشئ ولا الشخصية المعطاة. اكتب أسامي القصايد والشعرا.
الإدخال: سانتا كلوز",Culture & Entertainment
"جاوب على آخر رسالة في الشات باستعمال الإيموجيز الصحيحة باش تعبّر على شعورك.
الإدخال:

كيفاش عديت دفوارك؟
لاباس فرحت لي هوما وفاو
ايه نعرف فاش تحس. فرحان لي ماعادش بش نخمم فيهم","Education & Studying, Personal Development & Life Advice"
"باش تجاوب في الشات، فكّر في ردّ مضحك تنجّم تستعملو.
الإدخال: +شنوا احوالك؟",Greetings & Small Talk
"آخر رسالة في الشات هي ردّ ناقص. لازمك تكملو وتعاود تكتبو بوضوح.
الإدخال:

شنوا بش تعمل طوا؟ما نعرش.قصيت علا حلمي بش نولي عالم رياضيات
.
علاش؟",Other
"بدّل الرد باش يولي بنبرة أكثر تعاطف في الشات.
الإدخال:
شنوا حوالك؟+
لاباس. كان عندي برشا مشاكل ليوم.+
شنوا انواع المشالك؟",Languages & Translation
"تأكّد من معلومات الاجتماع في المحادثة هذي.
الإدخال:
شخص 1: هاي، وقتاش فاضي؟ نحب نقابلك.
شخص2: أنا فاضي غدوة بعد القايلة.
شخص1: ممتاز، أي ساعة؟
شخص2: شنو رايك في الساعة الثالثة بعد الزوال؟
شخص1: عندي اشتماع آخر في الوقت ذاك. شنوة رايك في الخامسة؟
شخص2: ماشي الحال. وين نجتمعو؟
شخص1: شنوة رأيك في كوفي شوب في مين ستريت؟
شخص2: باهي برشا. سمعت إنهم عندهم قهوة بنينة برشا. نشوفك غدوة!",Society & Current Affairs
"صنّف النص المعطى هل هو مهين ولا لا.
الإدخال: ""راك تصرّفت بجنون البارح.""",Society & Current Affairs
"عطي ملخّص وجيز للنوايا في الحوار اللي صار تاوكا.
الإدخال:
زبون: هاي، نحب تليفون جديد.
AI: أهلا! شنوة نوع التليفون اللي تلوج عليه؟
زبون: مانيش متأكّد. يمكن حاجة بكاميرا باهية؟
AI: عنا شوية تليفونات بكاميرات مزيانة. تحب تشوف شوية خيارات؟
زبون: إي، ",Social & Romantic Relationships
"فسّر محتوى المقال المعطى بطريقة مختصرة.
الإدخال:
دراسة تنشرت أول العام من طرف ""زي"" وفريقها درست دور الضو في النوم عند بالغين صحيحين في العشرينات من عمرهم. النوم ليلة وحدة بضو خافت كيما تلفزة صوتها مطفي طلّع السكر في الدم ودقات القلب عند الشباب أثناء تجربة النوم في المخبر. دقات قلب عالية في الليل تبيّن في دراسات قبل إنها عامل خطورة لأمراض القلب والموت المبكّر، في حين السكر العالي في الدم علامة على مقاومة الإنسولين اللي تنجم في الأخير تؤدّي للنوع الثاني من السكري.",Education & Studying
"صلّح النسخة المكتوبة  اللي فيها أخطاء.
الإدخال:""تم خصم فائض الفايدة على كرت الكريدي متاعي أما أنا خلّصت الكل نهار قبل تاريخ الاستحقاق. عمري ما فوّت في أي خلاص السنّة هذي الكل. تنجم ترجعلي الفايدة اللي خلّصتها؟""",Education & Studying
"شوف العقد واستخرج الأطراف المشاركة فيه.
الإدخال:
ابتداءً من اليوم الثالث عشر من ديسمبر 2021، هالاتفاقية متاع تسجيل موسيقي (""الاتفاقية"") معمولة بين ""غود كيد""، فرقة موسيقية من تورونتو (""الفنان"")، و""يونيفرسال ميوزيك غروب""، ليبل تسجيل برخصة رقم 545345 (""شركة التسجيل""). الفنان وشركة التسجيل ينجم يتسمّاو في الاتفاقية كأطراف كل واحد بوحدو وكأطراف مع بعضهم. الخدمة تحت الاتفاقية هذي تبدأ من 15 مارس 2022وتستمر طول مدّة الاتفاقية.",Legal & Administrative
"بناء على عنوان الإيميل، قرّر إذا يلزم نتعاملو معاه كسبام ولا لا.
الإدخال:""أطباء الجلد ما يحبّوهاش!""",Society & Current Affairs
"صنّف التغريدة في إحدى التصنيفات: حدث، تجريبي، ولا اخبار.
الإدخال:""باستعمال الدليل هاذا، تنجّم تحلّل وتصنّف تقييم المستخدم كيما إيجابي ولا سلبي باستعمال خاصّيات تحليل المشاعر في تطبيق نيكست دوت جاي آس. نورّيوك كيفاش تستغلّ تقنيات الذكاء اللغوي في تطبيقاتك. شوف التفاصيل تحت ↓""",Other
"اعطِ عنوان الخبر تصنيف من: لأخبار والطنين والسفر والأناقة والفنون والثقافة والسياسة والتكنولوجيا والعلوم والصحة.
الإدخال:""معرض #بانكسي في كامبريدج، ماساتشوسيتس رهيب برشا.""",Other
"صنّف السؤال في قسم ""العثور على تفاصيل السياسة
""، ""تبديل إعدادات الحساب
""، ""تقدم المطالبة وحالة العرض
""، ولا ""إلغاء التغطية
"".
الإدخال:""تنجم تصب الفلوس في الحساب متاعي عوض تبعثلي شيك ورقي؟""

",Money & Finance
"اختار عنوان جذّاب للمنشور متاعك.
الإدخال:""الأفوكا العادي فيه أكثر من 300 كالوري من الزيت اللي فيه. هذي نفس مقدار الكالوري في شوكولاتة كبيرة. إذا تعمل تمارين كافية باش تاكل شوكولاتة كبيرة كل يوم من غير ما تزيد في الوزن، ما فيها باس تاكل أفوكا كل يوم. وإلا يلزمك تاكلهم بحذر.""",Health & Body
"عطينا أمثلة على العبارات اللي يستعملوها الناس في الحالة الاجتماعية المعطاة.
الإدخال""كي الواحد يوصل لدارو لاباس""

",Languages & Translation
"يلزمك تكتب بعض الأسئلة من قسم الانترفيو الخاصة بالشركة المعطاة.
الإدخال:""كوهلز""

",Society & Current Affairs
"بناءً عاللي توفّر، قدّر متوسط الملخّص للوظيفة المعطاة.
الإدخال:موظف إدخال بيانات في تونس","Languages & Translation, Personal Development & Life Advice"
"فسّر المهام الوظيفية للوظيفة المعطاة.
الإدخال:""عون حراسة""",
"أعطي قائمة بالمهارات اللي ربما تعاونك تلقى الخدمة.
الإدخال:""أعضاء الفريق""",Personal Development & Life Advice
"نظّم الميتينغات حسب المعلومة المعطاة.
الإدخال:""شخص1: فاضي من التاسعة للصاح لحدّ الحادية عشرة، وقت الاجتماع: نص ساعة
شخص2: فاضي من الواحدة متع العشية للثالثة، مدّة الاجتماع: ساعة ونص
شخص3: فاضي من الثانية متع العشية للثالثة ونص، مدّة الاجتماع: ساعة""",Society & Current Affairs
"القا الاتجاهات بين المواقع لي عطيتهملك.
الإدخال:
مِن: زغوان‎
إلى: القصرين

",Travel & Immigration
"اعطي شرح مختصر للجزء المطلوب من الورقة.
الإدخال:
ورقة: النماذج المسيطرة في تحويل التسلسلات (سيكوينس ترانسداكشن) مبنية على شبكات عصبونية تكرارية (ريكارنت) أو تلافيفية (كونفوليوشنال) مع إنكودر وديكودر. أقوى النماذج تربط الزوز مع بعضهم بميكانيزم الأتينشن. نقدّمو معمارية شبكة جديدة وبسيطة، الترانسفورمر، معتمدة فقط عالآتينشن، وتستغنى تمامًا عن التكرار (ريكورنس) والتلافيف (كونفوليوشن). التجارب على زوز مهام ترجمة آلية تورّي إنو هالنماذج أحسن في الجودة وأسهل في التوازي وتاخذ وقت أقل في التدريب. الموديل متاعنا يحقّق ٢٨.٤ بلو (BLEU) في مهمة ترجمة إنقليزي-ألماني (WMT 2014)، ويحسّن أكثر من أحسن نتائج حالية، وحتى مع الإينسمبل (ensembles)، بأكثر من ٢ نقاط بلو. أما في مهمة الترجمة إنقليزي-فرونسي (نفس الداتا WMT 2014)، الموديل متاعنا يعمل نتيجة بلو ٤١.٨ كموديل واحد (سينغل موديل) في ظرف ٣.٥ أيام تدريب على ٨ جي بي يو (GPUs)، وهي نسبة صغيرة من تكلفة تدريب أحسن الموديلات في الأدبيات. زادا ورّينا إنو الترانسفورمر يتعمّم مليح في مهام أخرى كيما تحليل البُنى في اللغة الإنقليزية (English constituency parsing) سواء بداتا كبيرة ولا محدودة.
اشرح: النماذج المسيطرة في تحويل التسلسلات

",Languages & Translation
"جاوب على السؤال بخصوص الورقة بعد ما تقراها مليح.
الإدخال:
باش نقيسو إذا الترانسفورمر ينجم يتعمّم لمهام أخرى، عملنا تجارب على تحليل البُنى النحوية في الإنقليزية (إنقليش كونسيتوينسي بارسينغ). المهمة هذي فيها تحدّيات خاصة: الناتج فيه قيود هيكلية قوية وطويل برشة مقارنة بالمدخل. فوق هاذا، نماذج RNN سيكوينس-تو-سيكوينس ما نجّمتش توصل لأحسن النتائج في حالات الداتا القليلة.
السؤال: شنوة هو تحليل البُنى النحوية في الإنقليزية؟",Education & Studying
"اقترح شوية أنشطة مفيدة ولا مواضيع كلام تستخدمهم في لقاءات باش تفكّ الجوّ .
الإدخال:",Culture & Entertainment
"حوّل الـHTML المعطى لصيغة ماركداون.
الإدخال:
<code>Use `code` in your Markdown file.</code>",Technology & Digital Life
"استخرج المنهجية اللي استعملوها في البحث من ملخّص الورقة، وهات الجُمَل بالضبط اللي تحكي عليها.
الإدخال:
قدّمنا نظام تعرّف كلام (سبيتش ريكوغنيشن) متطوّر معمول بالاعتماد على التعلّم العميق من البداية للنهاية (إند تو إند). المعمارية متاعنا أبسط برشة من الأنظمة الصوتية التقليدية اللي تعتمد على مراحل معالجة متعبة في التصميم؛ والأنظمة التقليدية عادةً تعطي نتائج ضعيفة في البيئات المزعجة. بالعكس، نظامنا ما يحتاجش مكوّنات مصمّمة يدويًا باش نمثّلو الضوضاء في الخلفية والرنين (ريفربيريشن) ولا اختلاف المتحدّث، إنما يتعلّم ديراكت دالّة متحصّنة ضد الحاجات هذي. ما نحتاجوش حتى قاموس فونيمات، ولا حتى مفهوم ""فونيم"". النقطة المفتاحية في المنهجية متاعنا هي نظام تدريب RNN محكّم يستعمل عدة GPUs، وزادا شوية تقنيات تركيب بيانات (داتا سينثيسيس) جديدة تسمح إننا نتحصّلو ع كمية كبيرة ومتنوعّة من الداتا للتدريب بكفاءة. نظامنا، المسمّى ""ديب سبيتش""، يتفوّق ع النتائج المنشورة قبل على سويتش بورد هاب٥’٠٠ (Switchboard Hub5'00) ويجيب ١٦.٠٪ نسبة خطأ على كامل التيست. زادا ديب سبيتش يتعامل أحسن في البيئات المزعجة مقارنة بالأنظمة التجارية المتقدّمة.",Education & Studying
"يلزمك تكتب أسماء بعض الأوراق اللي مرتبطة بالورقة المعطاة.
الإدخال:
RoMQA: معيار, أدلة متعددة,الإجابة على الأسئلة متعددة الإجابات",Education & Studying
"اكتب ملخّص قصير ومكثّف للورقة بالاعتماد على الملخّص متاعها.
الإدخال:
Few-shot learning (إف إس إل) هو خطوة مهمّة للمستقبل في التعلّم الآلي ويثير اهتمام كبير. في هالبحث، ركّزنا ع مشكلة الإف إس إل في فهم الحوارات، اللي تشمل زوز مهام مترابطين: تحديد النيّة  وتعبئة الخانات . تبيّن إنو فهم الحوارات يتحسّن برشة كي نتعلّمو الزوز مع بعضهم. لكن في سيناريوهات الإف إس إل، التعاون هاذا يصير صعيب: من جهة، قلة الداتا تكبّر صعوبة نمذجة العلاقة بين الزوز، من جهة أخرى كيفاش نتعلّمو مهام متعدّدة مع بعض في الإف إس إل مزال موش واضح برشة. ردًّا ع هالمشكل، قدّمنا FewJoint، أول معيار  خاص بفهم الحوارات المشترك في وضعية الإف إس إل. FewJoint يوفّر كوربوس جديد فيه ٥٩ مجال مختلف من حوارات API صناعي حقيقي، ومنصّة كود باش تسهّل تجارب الإف إس إل، اللي من المتوقّع إنها تحرّك البحث في المجال. زيادة على هذا، لقينا إنو الأداء الضعيف في وضع الإف إس إل ينجم يسبّب تبادل مُشوَّش بين المهمتين ويعطّل التعلّم المشترك. باش نعالجو الموضوع، وجّهنا السلوت  بمعطيات صريحة عن النيّة واستعملنا آلية ""ترست جايتينغ"" جديدة باش نصدّو معلومات النيّة اللي ما فيهاش ثقة كافية ونضمن مشاركة بجودة عالية. زيادة على هذا، استعملنا إستراتيجية ""ربتايل""  في الميتا-ليرننغ باش نضمن تعميم أحسن في الدومينات اللي ماشفناهمش وقت الإف إس إل. في التجارب، الطريقة المقترحة حسّنت النتائج بوضوح ع داتاستين ووصلت لأحسن أداء جديد .",Education & Studying
"باش تكتب نوتيشن ABC (أ بي سي) لاغنية معطاة اسمها ""ذا ساوث ويند"" 
الإدخال:
ذا ساوث ويند",Culture & Entertainment
"صنّف المجلة حسب محتواها في وحدة من التصنيفات: سياسة، أخبار الترفيه
، أخبار التكنولوجيا
، أخبار الأعمال
، الأبوة والأمومة والأطفال، الصحة والشفاء، الطبخ، الطعام والنبيذ، الفنون والأدب.
الإدخال: Inc.",Other
"قرّر إذا الإيميل المعطى يتبع قسم البروموشنز ولا السوشيال.
الإدخال:
العنوان: عندك دعوة
نص الرسالة: أهلا، نحب نضمّك لشبكتي في لينكدإن.",Legal & Administrative
"عندو قصة فيلم مفسّرة ببرشة إيموجيز. لازمك تتوقع اسم الفيلم حسب الإيموجيات.
الإدخال:🧙‍♂️🚪📚🦅⚡",Culture & Entertainment
"اخترع فكرة جديدة لسيناريو فيلم مشوّق، وحُط عنوان وملخص القصة.
الإدخال:
",Culture & Entertainment
"بدّل الضمير من المتكلّم للغايب في الجملة المعطاة مع المحافظة ع المعنى، وتنجم تصيغها بطريقة أحسن.
الإدخال:
نجمنا نزيدو في كمية المخزون لي عنا من نفس المورد عاد قللنا المخاطر لي عنا",Languages & Translation
"طبّق قواعد الكابيتاليزيشن اللي كل حرف ثاني يتبدّل بين صغير وكبير.
الإدخال:
الدليل: كل حرف ثاني يتبدّل بين lower case وupper case.
الجملة: عنكبوتا كبيرا سادا الثنية.",Languages & Translation
"أوجد تكرير حرف باستعمال مترادفات كلمات في الجملة المعطاة.
الإدخال:
رامي يلبش شابو كل نهار",Languages & Translation
"حوّل الوصف المكتوب للغة طبيعية إلى أمر في باش.
الإدخال:
اقرا اول 10 سطورا من ""ف""",Languages & Translation
"جهّز جدول يحتوي ملخّص معلومات المشاركين في المؤتمر.
الإدخال:
كان فما مؤتمر باش يناقشو كيفاش نحسّنو جودة التعليم في المدارس. المتحدّث الرئيسي هو البروفيسور كرو بيردي (cpurdie@email.com)، حكى ع أهمية وضع مقاييس عالية للطلبة والأساتذة. قال يلزم المدارس تكون أماكن ينجمو الطلبة يتعلّمو فيها ويتحدّو أرواحهم. المتحدّثين الآخرين كانو المعلّم أوليفر مالاشي (oliver@email.com) وولي الأمر كولبي ريس (kolbyreese82@email.com). المعلّم حكى ع لزوم تحضير الأساتذة مليح ولازم تكون عندهم توقّعات عالية من طلبتهم. الولي حكى ع لزوم مشاركة الأولياء في تعليم صغارهم. وكان زادة نقاش ع أهمية التمويل للمدارس.",Languages & Translation
"أعمل قائمة بالمفاهيم اللي لازم الواحد يتعلّمهم قبل ما يوصل للمفهوم المعقّد المذكور.
الإدخال: Deep Learning","Education & Studying, Technology & Digital Life"
"عاود صياغة الجملة اللي تنجّم تكون مبهمة باستعمال عبارات أوضح.
الإدخال:
الدجاجا حاضرا بش تاكل",Languages & Translation
"حلّل الانطباع متاع التغريدة المعطاة وصنّفو: إيجابي، سلبي، ولا محايد.
الإدخال:
""هاذي احسن ورقة غش ولقيتها عندي برشا.""

",Languages & Translation
"عندك أمر بلغة بايثون، حولّه للروبي.
الإدخال:
print(""Hello World!"")
",Technology & Digital Life
"عندك جملة بالمنطق من الدرجة الأولى، ترجمها للغة طبيعية.
الإدخال:
∃x∀y(soldier(x)→general(x,y))",Technology & Digital Life
"عندك عبارة بحث (سيرش) ووثيقة (دوكيومنت). صنّف الوثيقة هل هي مناسبة للبحث أو لا.
الإدخال:
البحث: علاش السما زرقا
الوثيقة: الجواب المختصر: ضوء الشمس يوصل للغلاف الجوي للأرض ويتشتت في كل الاتجاهات بفعل الغازات والجزيئات في الهواء. الضوء الأزرق يتشتت أكثر من غيره خاطر يمشي بموجات أقصر وأصغر. وهذا علاش نشوف السما زرقا أكثر الأوقات.",Education & Studying
"أعمل قائمة بعناوين فرعية للموضوع المَعطى.
الإدخال: نظرية الموسيقى
",Other
"لخّص الفيلم بطريقة شوية ""snarky"" في جملة وحدة كي تفسّرو.
الإدخال: The Shining",Other
"اكتب الكلمات اللي تستجيب للشرط المعطى.
الإدخال: 5 بلدان تبدا بحرف ""س""",Geography
"اعطِ اسم للأكلة المعطاة بالاعتماد ع المكوّنات والتعليمات.
الإدخال:
المكوّنات: 2 علب تونة (5 أونص) من Bumble Bee® Solid White Albacore، مصفّية - 1 أفوكا - 2 معالق كبار صوص سيراشا - 1 معلقة كبيرة ديجون ماستارد - 2 لـ 3 معالق كبار كرفس مقطّع - 2 معالق كبار بصل أحمر مقطّع - 2 بصل أخضر مقطّع - 1 معلقة كبيرة كسبرة خضراء مفرومة - ملح وفلفل حسب الذوق - كوبين كبار من الخضرة الورقية (ليفي قرين ليتوس) - كوب جزر مقطّع رقاق - 4 تورتيّا قمح كامل 10 إنش
التعليمات: في صحن وسط، اهرس التونة مع الأفوكا حتى يندمجوا. زيد بقية المكونات إلى الملح والفلفل، وخلّط مليح. باش تركّب اللفّة، حط في كل تورتيّا نصّ كوب خضرة ورقية، ربع كوب جزر رقاق، واقسم خلطة التونة بين اللفّات. لفّ التورتيّا بإحكام، قطّعها وتمتّع!",Food & Cooking
"لخّص اجتماع من النقاط المعطاة، وحوّلها لسرد وكأنك تحكي من منظور حاضر في الاجتماع.
الإدخال:

روز: تحلّل الداتا وتقدّم الاستنتاجات
جون: يقترح فكرة جديدة
جين: تعيّنت مسؤولة ع المشروع
توم: يحتاج وقت أكثر باش يصلّح عطل في السوفتوير",Languages & Translation
"أعمل قائمة بعض الأغاني المعروفة من الألبوم المعطى.
الإدخال: Back To Black",Culture & Entertainment
"اخترع كلمة جديدة بالاعتماد ع الوصف.
الإدخال: الإحساس إنك عارف، وإنت مازلت تعيش اللحظة، إنّو الشي اللي يصير توّة باش يبقى ذكرى خالدة.",Languages & Translation
"عندك لغة برمجة واسم دالة، اكتب أمر يوضّح كيفاش تستعمل هالدالة.
الإدخال:
اللغة: بايثون
الدالة: input",Technology & Digital Life
"قدّم إطراء لطيف بالاعتماد على الصفة المعطاة.
الإدخال: الصدق
",Greetings & Small Talk
"اكتب تقديم مختصر للريزومي بالاعتماد ع المعلومات المعطاة.
الإدخال:
الاسم: مارك
الجنسية: إيطالي
اللغة: إنقليزي
الصفات: مبدع، مركز ع الأهداف، متحفّز
المهارات: هندسة البرمجيات، التسويق بالمحتوى","Personal Development & Life Advice, Society & Current Affairs"
"أعمل قائمة بصفات تنجّم توصف العلامة التجارية المعطاة.
الإدخال: شركة ناشئة في التكنولوجيا مبدعة
",Social & Romantic Relationships
"الشخص عطاك معلومات إنه يحب يعمل رحلة عالطريق في الساحل الغربي (وست كوست). يبدأ قريب من سان دييغو وماشي للوس آنجلس. حضّرلو برنامج مع أحسن المحطّات والأنشطة في الطريق.
الإدخال: نلوج على رحلة على الساحل الغربي. الهدف هوا نبدا من سان دييغو ونسافر إلى لوس أنجلوس.

",Travel & Immigration
"الريجكس هي مجموعة حروف تحدّد نمط للبحث. حول الطلب المعطى للغة طبيعية إلى ريجكس.
الإدخال: طابق عنوان IP صالح
",Technology & Digital Life
"اكتب وصف عقار للبيع بشكل جذّاب ومهني. العنوان وبعض التفاصيل مقدّمة، كمّل بالباقي من خيالك إذا لزم.
الإدخال:
عنوان العقار: 412 مونتيري آف، كابيتولا، كاليفورنيا 95010
الباركينغ: 3 سيارات + كراج مفروش لسيارة وحدة
التفاصيل:

تصميم داخلي مفتوح
شبّاك فيه إطلالة عالبارك/الجبل
كوجينة بخزاين شاكر وكالكاتا كوارتز بيضة",Legal & Administrative
"عطاك وصف لعقار. استخرج المعلومات والتفاصيل الأساسية عليه.
الإدخال:
""امشي للبحر من كابيتولا نولز! استوديو فوق  فيه سطح خاص وكبير يشوف على الطبيعة. دار ظريفة جاهزة للسكن وتستنى لمساتك الخاصة. مناظر خضراء ومنظمة بالبستنة محيطة كيما حديقة، وفيها مسبح وجاكوزي جماعية. موقع مرغوب... تمشي على رجليك لقرية كابيتولا، مخبزة غايل، مطاعم، شوبينغ، مدارس، ولا تطلع عالأوتوستراد 1 اللي قريب برشة.""

","Legal & Administrative, Society & Current Affairs"
"راجع وصف العقار اللي قدّموه وقولنا شنوة الحاجات الباهية فيه وشنوة السلبيات، واعمل قائمة بالنقاط الرئيسية (Key Takeaways).
الإدخال:
""فمّا سحر حقيقي في الجمع بين المعمار الفكتوري الآسر بطبيعته واللمسة العصرية. زيدلها حديقة متعدّدة المستويات خارقة للعادة وتلقى النتيجة: أناقة 444 شارع29. واجهة الدار مليانة ضوء والترابط انسيابي بين الليفينغ، الدينينغ، والكوجينة. كوجينة جديدة بتوب الكوارتز وأجهزة مطوّرة. صالة الطعام كبيرة عندها شبابيك كبيرة، ومع الصالة اللي جنبها، تعطي فضاء مثالي للضيافة. زوز غرف كبيرة في المستوى هذا في الخلف، بجلاسات كبيرة وخرجة مباشرة للحديقة. حمام كامل ومتجدّد بستايل عصري في المستوى هاذا. الغرفة الثالثة/الحمام الثاني في الطابق الأرضي - ينجم يكون غرفة ضيوف، مكتب، مكان سبور، إلخ. الجنينة الكبيرة ماشية في أرض عميقة وتتزيّن بتصميم مدرّج. غرفة بلانشيري/ستوكاج، باركينغ لسيارة وحدة في كراج، ألواح شمسية من تيسلا. منطقة رئيسية ومسطّحة من نوي فالي - قريب تمشي على رجليك لكل شي في نوي. خطوات على جي-تشورش وقريب من الشتلز والأوتوسترادات.""","Society & Current Affairs, Legal & Administrative"
"أعمل قائمة بكلمات تسويق عقاري تزيد قيمة العرض وتجلب مشترين أكثر.
الإدخال:","Legal & Administrative, Society & Current Affairs"
"اقترح شوية باكيجات عادة الناس يشروهم مع المنتج المعطى.
الإدخال: ماكبوك آير
",Society & Current Affairs
"صمّم قالب في ماركداون باش تحدّد نطاق تذاكر جيرا (Jira). الأعضاء يستعملوه كقائمة تفقد باش يتأكدو إن كل المعلومات الضرورية حاضرة وقت يصنعو تذكرة.
الإدخال:",Society & Current Affairs
"في هندسة البرمجيات،قصة المستعمل هي شنو يحبّ المستخدم من النظام، والشروط القبول هي الشروط اللي لازم تتحقّق لها. كون شروط القبول مبسّطة بالاعتماد عالـقصة المستعمل المعطى.
الإدخال:
قصة المستعمل: كمستخدم، نحب نستعمل حقل بحث نكتب فيه مدينة، اسم، ولا شارع، باش نلقى خيارات نزل تناسب.",Technology & Digital Life
"الـقصة المستعمل هي تفسير عام وغير رسمي لخاصية في السوفتوير من منظور المستعمل النهائي. اكتب قصة المستعمل للبرنامج المعطى.
الإدخال: Gmail","Social & Romantic Relationships, Personal Development & Life Advice"
"اكتب تذكرة جيرا للمهمّة المعطاة.
الإدخال: موظف جديد

",Society & Current Affairs
"عاود صياغة النص بأسلوب أكاديمي.
الإدخال:
""برشة أوراق تنشرت على الموضوع هذا.""",Education & Studying
"أعمل قائمة بالحسنات والعيوب للقرار المعطى.
الإدخال: تطبيق سياسة العمل عن بعد
",Other
"اكتب ملاحظات مهمة ونقاط رئيسية حول الموضوع المعطى.
الإدخال: تاريخ الولايات المتحدة",Culture & Entertainment
"بناءً على الكلمات المفتاحية المعطاة، اكتب تقييم لمطعم.
الإدخال:
الاسم: بيتزاريا
أسعار باهية، مكان هادئ، بنين، طاقم لطيف","Food & Cooking, Society & Current Affairs"
"حوّل اللغة الطبيعية لتعليمات قيادة خطوة بخطوة .
الإدخال:
امشِ للغرب على آي-10 (I-10) حتى توصل للـ101  وبعدها خوذها للشمال. في الأخير باش تشوف علامة هوليوود قدامك.
","Personal Development & Life Advice, Travel & Immigration"
"اعطي تصنيف ESRB للعبة هذي.
الإدخال:
هذي لعبة أكشن-مغامرة وين يعاون اللاعب كريتوس وولدو في رحلة خطيرة. يستكشفو عوالم مختلفة ويقاتلو أعداء مش طبيعيين أو حقيقيين (كيما رايدرز يشبهوللإنسان وكائنات خيالية كيما السينتور، التروول، والتنين). يستعملو فؤوس وسيوف بسلاسل باش يحاربو الأعداء، غالبًا مع دم كثير وتقطيع للأعضاء. ينجم اللاعب يعمل ضربات نهائية فيها طعن من قريب بأسلحة، وضربات متعددة بالفأس على رقبة المخلوق حتى ينقص راسو. يتقالت فيها كلمات كيما ""f**k"" و""sh*t"".",Culture & Entertainment
"عندك وصف لون، لزمك تكتشف كود الـCSS اللي يقابل اللون هاذا.
الإدخال: لون أحمر فاتح مع درجة متوسطة فاتحة من الوردي",Technology & Digital Life
"عرّف الأخطاء الموجودة في الكود المعطى وصلّحها، وبعد أعد كتابتو.
الإدخال:
for i in range(10) print(Answer is:) print(i)",Technology & Digital Life
"أعمل ليستل بعبارات شائعة للقسم المحدّد من الورقة.
الإدخال: مقدّمة",Education & Studying
"احنا وصّفنا مشهد من فيلم شفناه قبل. اكتشف شنوة هو الفيلم.
الإدخال:
يلزمك تختار بين حبة حمرا ولا حبة زرقا",Culture & Entertainment
"خذ وصف المنتج واكتبلو اعلان إبداعي.
الإدخال:
كاميرات الوثائق تخلي المعلّمين يورّيو وثائق، كتب، ولا حاجات للطلبة باش يشوفوها",Culture & Entertainment
"حوّل الوصف المكتوب بلغة طبيعية إلى معادلة في غوغل شيتس.
الإدخال:
اذا كانت خلية C7 تساوي ""امريكا"" ولا ""كندا"" ولا ""اوروبا"" ولا ""الأميركاز""","Education & Studying, Technology & Digital Life"
"عندك تغريدة، قرّر إذا هي مهينة ولا لا.
الإدخال:
هي بلحق خذات شوية هجوم خاطرها بصراحة … اممم بهيما",Society & Current Affairs
"باش تعمل تمارين سريعة في البيرو، اقترح روتين قصير ونافع.
الإدخال:",Health & Body
"توقّع قداش صاحب الريفيو باش يعطي من نجوم للمطعم بالاعتماد عالتعليق.
الإدخال:
""التقييمات كانت هايلة، اما الصراحة حسّيتو عادي برشة. يبان بلاصة سياحية عادية والماكلة نص نص. الخدمة اوكي، موش هايلة اما موش الاسوأ. الخبز كان بنين برشة. طلبت مسّلز فرايز، كان فيهم طعم بصل فيداليا حلو. ما فيش فايدة من الفرايز خاترهم طراو وما فيهمش مذاق. صاحبي طلب باستا دجاج بالبيستو وزادا كانت نص نص.""",Other
"صنّف الخدمة هذي: مطعم، خدمات منزلية، خدمات سيارات، ولا متفرقات، بالاعتماد عالتخصص الموصوف.
الإدخال:
""اتصل بينا عالرقم 650-636-4884 ولا زور موقعنا باش تاخذ تسعيرة. المحل هذا مختص في كفرات جديدة وتصليح عام للسيارات. عنا كل انواع الكفرات في المحل وعنا مجموعة واسعة لكل الميزانيات وانواع السيارات. اذا ماكش عارف شنوة يلزمك، فمة خبراء حاضرين يعاونوك تختار الكفر اللي يناسبك. زادا عنا كفرات للمركبات التجارية ونخدمو اساطيل مختلفة.""
",Social & Romantic Relationships
"قلّي اقتراحاتك باش النص يولّي صحيح لغويًا اكثر.
الإدخال:
""هذي المرة الثانية اللي نجي فيها هنا، والجو العام، والماكلة كانو رائعين.""",Languages & Translation
"باستعمال المكوّنات المتوفرة، حضّر وصفة عشاء.
الإدخال:
""كالي + زبدة اللوز + خل تفاح + نيكتار الاغاف + تاماري""",Food & Cooking
"صنّف المنتج المذکور: إلكترونيات، كومبيوترات، منزل ذكي، ولا فنون وحرف.
الإدخال: ""غوغل نيست لورنينغ ثيرموستات""
",Technology & Digital Life
"قدّم تعليمات للتمرين المعطى.
الإدخال: ""رفع الساقين""",Education & Studying
"عاود كتابة النص وعدّل الأخطاء الإملائية.
الإدخال:
""هو يحل مشاكل عامة وفريدة لكل فريق.""",Languages & Translation
"اكتب اضداد للكلمة المعطاة.
الإدخال: ""يتوّج""
",Languages & Translation
"اكتب صيغة اتش تي ام ال للعملية المطلوبة.
الإدخال: ""اضافة صورة للصفحة""",Technology & Digital Life
"حدّد شنوّا هي لغة البرمجة اللي مكتوب بيها الكود.
الإدخال:
if (20 > 18) { printf(""20 is greater than 18""); }",Technology & Digital Life
"قرّر نوع الكلمة المأكّد عليها في الجملة.
الإدخال:
""المدرسة باش _تواصل خلال الشتاء""",Languages & Translation
"فسّر شنوة تعني الكلمة المأكّد عليها للصغار.
الإدخال:
""_حافظ على الوعد""
",Languages & Translation
"طوّل الجملة المعطاة وزيدلها تفاصيل.
الإدخال:
""غيّرتلي حياتي.""
",Languages & Translation
"استخرج عنوان العقار من قسم ""حول هالمكان"" في اير بي ان بي.
الإدخال:
""مخبّي في مرتفعات مدينة تعدين قديمة اسمها غراس فالي في كاليفورنيا، الشاليه هذا واسع وعجيب، يدعوك تعيش الطبيعة مع العايلة، الاصحاب والحيوانات. تمتع بالجاكوزي، ملعب الباسكت، دار فوق الشجرة، غرفة صغار، باربيكيو، مكان للنار، سينما برا، وزيد. ساعة من طااهو وعشر دقائق للمدينة، ديما عندك اماكن جديدة تستكشفها.""",Legal & Administrative
"صمّم تحدي تدريبي بسيط في سترافا ينجمو كل الناس يشاركو فيه.
الإدخال:
",Personal Development & Life Advice
"اقترح شوية اسماء لجروب ودّي في تيلغرام.
الإدخال:",Technology & Digital Life
"اكتب طريقة نطق الكلمة المعطاة بنظام ""قاموس نطق غوغل"".
الإدخال: ""interpretations",Languages & Translation
"اشرح معنى العبارة هذي بطريقة بسيطة، واذا تحب اعطي مثال.
الإدخال:
""مع شوية ليونة فيهم""",Languages & Translation